Common_Course_ID,has_prereq
AAAP431,Has pre-req
ACTG213,Has pre-req
ACTG340,Has pre-req
ACTG350,Has pre-req
ACTG351,Has pre-req
ACTG352,Has pre-req
ACTG360,Has pre-req
ACTG410,Has pre-req
ACTG440,Has pre-req
ACTG450,Has pre-req
ACTG470,Has pre-req
ACTG480,Has pre-req
AEII011,Has pre-req
AEII012,Has pre-req
AEII013,Has pre-req
AEII014,Has pre-req
AEII015,Has pre-req
AEII016,Has pre-req
AEII021,Has pre-req
AEII022,Has pre-req
AEII023,Has pre-req
AEII024,Has pre-req
AEII025,Has pre-req
AEII026,Has pre-req
AEII031,Has pre-req
AEII032,Has pre-req
AEII033,Has pre-req
AEII034,Has pre-req
AEII035,Has pre-req
AEII036,Has pre-req
AEIS101,Has pre-req
AEIS107,Has pre-req
AEIS108,Has pre-req
AEIS110,Has pre-req
AEIS112,Has pre-req
ANTH311,Has pre-req
ANTH320,Has pre-req
ANTH322,Has pre-req
ANTH340,Has pre-req
ANTH343,Has pre-req
ANTH348,Has pre-req
ANTH361,Has pre-req
ANTH366,Has pre-req
ANTH368,Has pre-req
ANTH373,Has pre-req
ANTH375,Has pre-req
ANTH376,Has pre-req
ANTH417,Has pre-req
ANTH419,Has pre-req
ANTH420,Has pre-req
ANTH428M,Has pre-req
ANTH434,Has pre-req
ANTH440,Has pre-req
ANTH442,Has pre-req
ANTH443,Has pre-req
ANTH444,Has pre-req
ANTH445,Has pre-req
ANTH448,Has pre-req
ANTH449,Has pre-req
ANTH451,Has pre-req
ANTH456,Has pre-req
ANTH459,Has pre-req
ANTH460,Has pre-req
ANTH462,Has pre-req
ANTH463,Has pre-req
ANTH466,Has pre-req
ANTH467,Has pre-req
ANTH470,Has pre-req
ANTH471,Has pre-req
ANTH472,Has pre-req
ANTH473,Has pre-req
ANTH474,Has pre-req
ANTH475,Has pre-req
ANTH479,Has pre-req
ANTH481,Has pre-req
ANTH487,Has pre-req
ARB102,Has pre-req
ARB103,Has pre-req
ARB201,Has pre-req
ARB202,Has pre-req
ARB203,Has pre-req
ARB301,Has pre-req
ARB302,Has pre-req
ARB303,Has pre-req
ARB331,Has pre-req
ARB431,Has pre-req
ARCH202,Has pre-req
ARCH222,Has pre-req
ARCH283,Has pre-req
ARCH284,Has pre-req
ARCH383,Has pre-req
ARCH384,Has pre-req
ARCH417,Has pre-req
ARCH423,Has pre-req
ARCH424,Has pre-req
ARCH430,Has pre-req
ARCH436,Has pre-req
ARCH440,Has pre-req
ARCH449,Has pre-req
ARCH450,Has pre-req
ARCH457,Has pre-req
ARCH458,Has pre-req
ARCH461,Has pre-req
ARCH462,Has pre-req
ARCH470,Has pre-req
ARCH471,Has pre-req
ARCH480,Has pre-req
ARCH484,Has pre-req
ARCH485,Has pre-req
ARCH486,Has pre-req
ARCH491,Has pre-req
ARCH492,Has pre-req
ARCH493M,Has pre-req
ARCH494M,Has pre-req
ARCH495,Has pre-req
ARCH496,Has pre-req
ARCH498,Has pre-req
ARH456,Has pre-req
ARH462,Has pre-req
ART116,Has pre-req
ART333,Has pre-req
ART381,Has pre-req
ARTC255,Has pre-req
ARTC354,Has pre-req
ARTC355,Has pre-req
ARTC455,Has pre-req
ARTC469,Has pre-req
ARTD256,Has pre-req
ARTD350,Has pre-req
ARTD360,Has pre-req
ARTD361,Has pre-req
ARTD362,Has pre-req
ARTD370,Has pre-req
ARTD378,Has pre-req
ARTD379,Has pre-req
ARTD412,Has pre-req
ARTD413,Has pre-req
ARTD416,Has pre-req
ARTD463,Has pre-req
ARTD471,Has pre-req
ARTD472,Has pre-req
ARTD478,Has pre-req
ARTD494,Has pre-req
ARTF268,Has pre-req
ARTF269,Has pre-req
ARTF270,Has pre-req
ARTF368,Has pre-req
ARTF369,Has pre-req
ARTF370,Has pre-req
ARTF456,Has pre-req
ARTM257,Has pre-req
ARTM357,Has pre-req
ARTM457,Has pre-req
ARTM459,Has pre-req
ARTO250,Has pre-req
ARTO251,Has pre-req
ARTO350,Has pre-req
ARTO352,Has pre-req
ARTO354,Has pre-req
ARTO450,Has pre-req
ARTO455,Has pre-req
ARTO476,Has pre-req
ARTO484,Has pre-req
ARTP281,Has pre-req
ARTP381,Has pre-req
ARTP390,Has pre-req
ARTP391,Has pre-req
ARTP481,Has pre-req
ARTR245,Has pre-req
ARTR346,Has pre-req
ARTR347,Has pre-req
ARTR348,Has pre-req
ARTR349,Has pre-req
ARTR446,Has pre-req
ARTS288,Has pre-req
ARTS393,Has pre-req
ARTS491,Has pre-req
ARTS493,Has pre-req
ASL101,Has pre-req
ASL102,Has pre-req
ASL103,Has pre-req
ASL201,Has pre-req
ASL202,Has pre-req
ASL203,Has pre-req
ASTR321,Has pre-req
BA215,Has pre-req
BA308,Has pre-req
BA308H,Has pre-req
BA315,Has pre-req
BA316,Has pre-req
BA317,Has pre-req
BA318,Has pre-req
BA325,Has pre-req
BA430,Has pre-req
BA453,Has pre-req
BE325,Has pre-req
BI211,Has pre-req
BI212,Has pre-req
BI213,Has pre-req
BI214,Has pre-req
BI281H,Has pre-req
BI282H,Has pre-req
BI283H,Has pre-req
BI306,Has pre-req
BI307,Has pre-req
BI309,Has pre-req
BI320,Has pre-req
BI321,Has pre-req
BI322,Has pre-req
BI326,Has pre-req
BI328,Has pre-req
BI330,Has pre-req
BI331,Has pre-req
BI353,Has pre-req
BI355,Has pre-req
BI356,Has pre-req
BI357,Has pre-req
BI358,Has pre-req
BI359,Has pre-req
BI360,Has pre-req
BI370,Has pre-req
BI374,Has pre-req
BI375,Has pre-req
BI380,Has pre-req
BI390,Has pre-req
BI395,Has pre-req
BI399,Has pre-req
BI399L,Has pre-req
BI410,Has pre-req
BI412,Has pre-req
BI420,Has pre-req
BI421,Has pre-req
BI422,Has pre-req
BI423,Has pre-req
BI424,Has pre-req
BI425,Has pre-req
BI426,Has pre-req
BI427,Has pre-req
BI428,Has pre-req
BI432,Has pre-req
BI433,Has pre-req
BI442,Has pre-req
BI448,Has pre-req
BI451,Has pre-req
BI452,Has pre-req
BI454,Has pre-req
BI455,Has pre-req
BI457,Has pre-req
BI458,Has pre-req
BI459,Has pre-req
BI461,Has pre-req
BI463,Has pre-req
BI464,Has pre-req
BI466,Has pre-req
BI468,Has pre-req
BI471,Has pre-req
BI472,Has pre-req
BI474,Has pre-req
BI476,Has pre-req
BI480,Has pre-req
BI484,Has pre-req
BI485,Has pre-req
BI486,Has pre-req
BI487,Has pre-req
BI488,Has pre-req
BI489,Has pre-req
BI493,Has pre-req
BIOE251,Has pre-req
BIOE252,Has pre-req
BIOE253,Has pre-req
CDS201,Has pre-req
CDS431,Has pre-req
CDS444,Has pre-req
CDS450,Has pre-req
CDS451,Has pre-req
CDS458,Has pre-req
CDS460,Has pre-req
CDS462,Has pre-req
CDS470,Has pre-req
CH111,Has pre-req
CH113,Has pre-req
CH221,Has pre-req
CH222,Has pre-req
CH223,Has pre-req
CH224H,Has pre-req
CH225H,Has pre-req
CH226H,Has pre-req
CH227,Has pre-req
CH228,Has pre-req
CH229,Has pre-req
CH237,Has pre-req
CH238,Has pre-req
CH239,Has pre-req
CH331,Has pre-req
CH335,Has pre-req
CH336,Has pre-req
CH337,Has pre-req
CH338,Has pre-req
CH339,Has pre-req
CH341,Has pre-req
CH342,Has pre-req
CH343,Has pre-req
CH348,Has pre-req
CH349,Has pre-req
CH360,Has pre-req
CH411,Has pre-req
CH412,Has pre-req
CH413,Has pre-req
CH418,Has pre-req
CH419,Has pre-req
CH420,Has pre-req
CH421,Has pre-req
CH429,Has pre-req
CH437,Has pre-req
CH441,Has pre-req
CH442,Has pre-req
CH443,Has pre-req
CH444,Has pre-req
CH445,Has pre-req
CH446,Has pre-req
CH447,Has pre-req
CH451,Has pre-req
CH453,Has pre-req
CH454,Has pre-req
CH461,Has pre-req
CH462,Has pre-req
CH463,Has pre-req
CH464,Has pre-req
CH465,Has pre-req
CH466,Has pre-req
CH468,Has pre-req
CHN102,Has pre-req
CHN103,Has pre-req
CHN105,Has pre-req
CHN106,Has pre-req
CHN201,Has pre-req
CHN202,Has pre-req
CHN203,Has pre-req
CHN204,Has pre-req
CHN205,Has pre-req
CHN206,Has pre-req
CHN301,Has pre-req
CHN302,Has pre-req
CHN303,Has pre-req
CHN305,Has pre-req
CHN306,Has pre-req
CHN307,Has pre-req
CHN308,Has pre-req
CHN350,Has pre-req
CHN351,Has pre-req
CHN381,Has pre-req
CHN411,Has pre-req
CHN412,Has pre-req
CHN420,Has pre-req
CHN421,Has pre-req
CHN422,Has pre-req
CHN439,Has pre-req
CHN445,Has pre-req
CINE198,Has pre-req
CINE270,Has pre-req
CINE320,Has pre-req
CINE370,Has pre-req
CINE408,Has pre-req
CINE410,Has pre-req
CINE411M,Has pre-req
CINE420,Has pre-req
CINE425,Has pre-req
CINE426,Has pre-req
CIS105,Has pre-req
CIS111,Has pre-req
CIS115,Has pre-req
CIS122,Has pre-req
CIS210,Has pre-req
CIS211,Has pre-req
CIS212,Has pre-req
CIS313,Has pre-req
CIS314,Has pre-req
CIS315,Has pre-req
CIS322,Has pre-req
CIS323,Has pre-req
CIS330,Has pre-req
CIS333,Has pre-req
CIS372M,Has pre-req
CIS401,Has pre-req
CIS403,Has pre-req
CIS405,Has pre-req
CIS407,Has pre-req
CIS409,Has pre-req
CIS413,Has pre-req
CIS415,Has pre-req
CIS420,Has pre-req
CIS422,Has pre-req
CIS423,Has pre-req
CIS425,Has pre-req
CIS427,Has pre-req
CIS429,Has pre-req
CIS431,Has pre-req
CIS432,Has pre-req
CIS433,Has pre-req
CIS436,Has pre-req
CIS441,Has pre-req
CIS443,Has pre-req
CIS445,Has pre-req
CIS451,Has pre-req
CIS452,Has pre-req
CIS453,Has pre-req
CIS455,Has pre-req
CIS461,Has pre-req
CIS471,Has pre-req
CIS472,Has pre-req
CIS473,Has pre-req
CIT281,Has pre-req
CIT381,Has pre-req
CIT382,Has pre-req
CIT383,Has pre-req
CRES441,Has pre-req
CRWR235,Has pre-req
CRWR245,Has pre-req
CRWR330,Has pre-req
CRWR335,Has pre-req
CRWR336,Has pre-req
CRWR340,Has pre-req
CRWR345,Has pre-req
CRWR413,Has pre-req
CRWR414,Has pre-req
CRWR417,Has pre-req
CRWR418,Has pre-req
CRWR419,Has pre-req
CRWR435,Has pre-req
CRWR445,Has pre-req
CS111,Has pre-req
CS122,Has pre-req
CS210,Has pre-req
CS211,Has pre-req
CS212,Has pre-req
CS313,Has pre-req
CS314,Has pre-req
CS315,Has pre-req
CS322,Has pre-req
CS330,Has pre-req
CS333,Has pre-req
CS372M,Has pre-req
CS401,Has pre-req
CS402,Has pre-req
CS403,Has pre-req
CS404,Has pre-req
CS405,Has pre-req
CS407,Has pre-req
CS413,Has pre-req
CS415,Has pre-req
CS420,Has pre-req
CS422,Has pre-req
CS423,Has pre-req
CS425,Has pre-req
CS429,Has pre-req
CS431,Has pre-req
CS432,Has pre-req
CS433,Has pre-req
CS434,Has pre-req
CS436,Has pre-req
CS441,Has pre-req
CS443,Has pre-req
CS451,Has pre-req
CS461,Has pre-req
CS471,Has pre-req
CS472,Has pre-req
DAN252,Has pre-req
DAN271,Has pre-req
DAN443,Has pre-req
DAN444,Has pre-req
DAN452,Has pre-req
DAN458,Has pre-req
DAN486,Has pre-req
DAN494,Has pre-req
DANC270,Has pre-req
DANC272,Has pre-req
DANC285,Has pre-req
DANC370,Has pre-req
DANC372,Has pre-req
DANE102,Has pre-req
DANE103,Has pre-req
DANE201,Has pre-req
DANE202,Has pre-req
DANE203,Has pre-req
DSC335,Has pre-req
DSC335H,Has pre-req
DSC433,Has pre-req
DSC444,Has pre-req
DSC466,Has pre-req
DSC477,Has pre-req
DSC488,Has pre-req
DSCI102,Has pre-req
DSCI311,Has pre-req
DSCI345M,Has pre-req
DSCI372M,Has pre-req
DSCI411,Has pre-req
EALL440,Has pre-req
EALL441,Has pre-req
EALL443,Has pre-req
EC311,Has pre-req
EC313,Has pre-req
EC320,Has pre-req
EC327,Has pre-req
EC328,Has pre-req
EC330,Has pre-req
EC333,Has pre-req
EC340,Has pre-req
EC350,Has pre-req
EC360,Has pre-req
EC370,Has pre-req
EC380,Has pre-req
EC390,Has pre-req
EC410,Has pre-req
EC411,Has pre-req
EC412,Has pre-req
EC413,Has pre-req
EC418,Has pre-req
EC419,Has pre-req
EC421,Has pre-req
EC422,Has pre-req
EC423,Has pre-req
EC424,Has pre-req
EC425,Has pre-req
EC427,Has pre-req
EC428,Has pre-req
EC430,Has pre-req
EC432,Has pre-req
EC433,Has pre-req
EC434,Has pre-req
EC435,Has pre-req
EC440,Has pre-req
EC441,Has pre-req
EC443,Has pre-req
EC448,Has pre-req
EC450,Has pre-req
EC451,Has pre-req
EC460,Has pre-req
EC461,Has pre-req
EC462,Has pre-req
EC470,Has pre-req
EC471,Has pre-req
EC480,Has pre-req
EC481,Has pre-req
EC482,Has pre-req
EC484,Has pre-req
EC490,Has pre-req
EC491,Has pre-req
EC493,Has pre-req
EDLD312,Has pre-req
EDLD412,Has pre-req
EDST331,Has pre-req
EDST332,Has pre-req
EDST333,Has pre-req
EDST342,Has pre-req
EDST343,Has pre-req
EDST420,Has pre-req
EDST450,Has pre-req
EDST451,Has pre-req
EDST452,Has pre-req
EDST453,Has pre-req
EDST454,Has pre-req
EDST455,Has pre-req
EDST456,Has pre-req
EDST457,Has pre-req
EDST458,Has pre-req
EDST463,Has pre-req
EDST464,Has pre-req
EDST472,Has pre-req
ENG200,Has pre-req
ENG222,Has pre-req
ENG270,Has pre-req
ENG301,Has pre-req
ENG302,Has pre-req
ENG303,Has pre-req
ENG304,Has pre-req
ENG305,Has pre-req
ENG330,Has pre-req
ENG335,Has pre-req
ENG411,Has pre-req
ENG429,Has pre-req
ENG430,Has pre-req
ENG470,Has pre-req
ENG491,Has pre-req
ENVS335,Has pre-req
ENVS350,Has pre-req
ENVS355,Has pre-req
ENVS435,Has pre-req
ENVS440,Has pre-req
ENVS450,Has pre-req
ENVS455,Has pre-req
ENVS465,Has pre-req
ENVS467,Has pre-req
ENVS477,Has pre-req
ENVS493M,Has pre-req
ENVS494M,Has pre-req
ERTH311,Has pre-req
ERTH315,Has pre-req
ERTH316,Has pre-req
ERTH318,Has pre-req
ERTH331,Has pre-req
ERTH332,Has pre-req
ERTH334,Has pre-req
ERTH337,Has pre-req
ERTH350,Has pre-req
ERTH353,Has pre-req
ERTH363,Has pre-req
ERTH416,Has pre-req
ERTH418,Has pre-req
ERTH423M,Has pre-req
ERTH434,Has pre-req
ERTH435,Has pre-req
ERTH436,Has pre-req
ERTH440,Has pre-req
ERTH451,Has pre-req
ERTH454,Has pre-req
ERTH455,Has pre-req
ERTH456,Has pre-req
ERTH467,Has pre-req
ERTH468,Has pre-req
ERTH474,Has pre-req
ERTH480,Has pre-req
ES301,Has pre-req
ES385,Has pre-req
ES452,Has pre-req
ES498,Has pre-req
ES499,Has pre-req
FHS301,Has pre-req
FHS328,Has pre-req
FHS329,Has pre-req
FHS330,Has pre-req
FHS331,Has pre-req
FHS420,Has pre-req
FHS471,Has pre-req
FHS472,Has pre-req
FHS492,Has pre-req
FHS493,Has pre-req
FHS494,Has pre-req
FHS497,Has pre-req
FIN311,Has pre-req
FIN316,Has pre-req
FIN380,Has pre-req
FIN462,Has pre-req
FIN463,Has pre-req
FIN464,Has pre-req
FIN473,Has pre-req
FINN102,Has pre-req
FINN103,Has pre-req
FINN201,Has pre-req
FINN202,Has pre-req
FINN203,Has pre-req
FR102,Has pre-req
FR103,Has pre-req
FR112,Has pre-req
FR202,Has pre-req
FR203,Has pre-req
FR301,Has pre-req
FR302,Has pre-req
FR303,Has pre-req
FR307,Has pre-req
FR312,Has pre-req
FR317,Has pre-req
FR318,Has pre-req
FR319,Has pre-req
FR320,Has pre-req
FR330,Has pre-req
FR331,Has pre-req
FR333,Has pre-req
FR362,Has pre-req
FR399,Has pre-req
FR407,Has pre-req
FR416,Has pre-req
FR425,Has pre-req
FR450,Has pre-req
FR451,Has pre-req
FR460,Has pre-req
FR480,Has pre-req
FR490,Has pre-req
FR492,Has pre-req
FR497,Has pre-req
GEOG321,Has pre-req
GEOG322,Has pre-req
GEOG323,Has pre-req
GEOG360,Has pre-req
GEOG361,Has pre-req
GEOG393,Has pre-req
GEOG411,Has pre-req
GEOG415,Has pre-req
GEOG416,Has pre-req
GEOG417,Has pre-req
GEOG418,Has pre-req
GEOG421,Has pre-req
GEOG423,Has pre-req
GEOG425,Has pre-req
GEOG427,Has pre-req
GEOG430,Has pre-req
GEOG432,Has pre-req
GEOG433,Has pre-req
GEOG472,Has pre-req
GEOG482,Has pre-req
GEOG485,Has pre-req
GEOG486,Has pre-req
GEOG489,Has pre-req
GEOG490,Has pre-req
GEOG491,Has pre-req
GEOG493,Has pre-req
GEOG494,Has pre-req
GEOG495,Has pre-req
GEOG496,Has pre-req
GEOG497,Has pre-req
GEOG498,Has pre-req
GEOL311,Has pre-req
GEOL315,Has pre-req
GEOL316,Has pre-req
GEOL318,Has pre-req
GEOL331,Has pre-req
GEOL332,Has pre-req
GEOL334,Has pre-req
GEOL350,Has pre-req
GEOL353,Has pre-req
GEOL363,Has pre-req
GEOL414,Has pre-req
GEOL415,Has pre-req
GEOL416,Has pre-req
GEOL418,Has pre-req
GEOL425,Has pre-req
GEOL431,Has pre-req
GEOL433,Has pre-req
GEOL434,Has pre-req
GEOL435,Has pre-req
GEOL440,Has pre-req
GEOL451,Has pre-req
GEOL452,Has pre-req
GEOL453,Has pre-req
GEOL454,Has pre-req
GEOL455,Has pre-req
GEOL462,Has pre-req
GEOL466,Has pre-req
GEOL467,Has pre-req
GEOL468,Has pre-req
GEOL471,Has pre-req
GEOL472,Has pre-req
GER102,Has pre-req
GER103,Has pre-req
GER105,Has pre-req
GER201,Has pre-req
GER202,Has pre-req
GER203,Has pre-req
GER204,Has pre-req
GER205,Has pre-req
GER311,Has pre-req
GER312,Has pre-req
GER313,Has pre-req
GER314,Has pre-req
GER315,Has pre-req
GER317,Has pre-req
GER328,Has pre-req
GER329,Has pre-req
GER340,Has pre-req
GER341,Has pre-req
GER360,Has pre-req
GER361,Has pre-req
GER362,Has pre-req
GER366,Has pre-req
GER367,Has pre-req
GER368,Has pre-req
GER399,Has pre-req
GER411,Has pre-req
GER412,Has pre-req
GER413,Has pre-req
GER425,Has pre-req
GER440,Has pre-req
GER460,Has pre-req
GER471,Has pre-req
GLBL420,Has pre-req
GLBL421,Has pre-req
GLBL422,Has pre-req
HC301H,Has pre-req
HPHY321,Has pre-req
HPHY322,Has pre-req
HPHY323,Has pre-req
HPHY324,Has pre-req
HPHY325,Has pre-req
HPHY333,Has pre-req
HPHY337,Has pre-req
HPHY362,Has pre-req
HPHY371,Has pre-req
HPHY374,Has pre-req
HPHY375,Has pre-req
HPHY381,Has pre-req
HPHY411,Has pre-req
HPHY412,Has pre-req
HPHY413,Has pre-req
HPHY414,Has pre-req
HPHY417,Has pre-req
HPHY419,Has pre-req
HPHY420,Has pre-req
HPHY421,Has pre-req
HPHY422,Has pre-req
HPHY423,Has pre-req
HPHY432,Has pre-req
HPHY433,Has pre-req
HPHY434,Has pre-req
HPHY435,Has pre-req
HPHY436,Has pre-req
HPHY441,Has pre-req
HPHY442,Has pre-req
HPHY443,Has pre-req
HPHY444,Has pre-req
HPHY460,Has pre-req
HPHY462,Has pre-req
HPHY470,Has pre-req
HPHY472,Has pre-req
HPHY473,Has pre-req
HPHY480,Has pre-req
HPHY485,Has pre-req
HPHY486,Has pre-req
IARC444,Has pre-req
IARC445,Has pre-req
IARC447,Has pre-req
IARC471,Has pre-req
IARC472,Has pre-req
IARC473,Has pre-req
IARC484,Has pre-req
IARC486,Has pre-req
IARC487,Has pre-req
IARC488,Has pre-req
IARC489,Has pre-req
IARC492,Has pre-req
ICH102,Has pre-req
ICH103,Has pre-req
ICH201,Has pre-req
ICH202,Has pre-req
ICH203,Has pre-req
INTL420,Has pre-req
INTL421,Has pre-req
INTL422,Has pre-req
ITAL102,Has pre-req
ITAL103,Has pre-req
ITAL105,Has pre-req
ITAL202,Has pre-req
ITAL203,Has pre-req
ITAL301,Has pre-req
ITAL303,Has pre-req
ITAL305,Has pre-req
ITAL306,Has pre-req
ITAL307,Has pre-req
ITAL317,Has pre-req
ITAL318,Has pre-req
ITAL319,Has pre-req
ITAL320,Has pre-req
ITAL407,Has pre-req
ITAL441,Has pre-req
ITAL444,Has pre-req
ITAL449,Has pre-req
ITAL461,Has pre-req
ITAL481,Has pre-req
ITAL491,Has pre-req
J205,Has pre-req
J206,Has pre-req
J207,Has pre-req
J208,Has pre-req
J211,Has pre-req
J212,Has pre-req
J213,Has pre-req
J250,Has pre-req
J314,Has pre-req
J320,Has pre-req
J331,Has pre-req
J333,Has pre-req
J342,Has pre-req
J352,Has pre-req
J361,Has pre-req
J365,Has pre-req
J371,Has pre-req
J385,Has pre-req
J387,Has pre-req
J396,Has pre-req
J397,Has pre-req
J411M,Has pre-req
J412,Has pre-req
J413,Has pre-req
J415,Has pre-req
J416,Has pre-req
J420,Has pre-req
J421,Has pre-req
J428M,Has pre-req
J429,Has pre-req
J430,Has pre-req
J431,Has pre-req
J432,Has pre-req
J434,Has pre-req
J436,Has pre-req
J440,Has pre-req
J443,Has pre-req
J444,Has pre-req
J452,Has pre-req
J453,Has pre-req
J454,Has pre-req
J456,Has pre-req
J457,Has pre-req
J458,Has pre-req
J459,Has pre-req
J460,Has pre-req
J461,Has pre-req
J462,Has pre-req
J463,Has pre-req
J464,Has pre-req
J466,Has pre-req
J467,Has pre-req
J468,Has pre-req
J472,Has pre-req
J473,Has pre-req
J474,Has pre-req
J475,Has pre-req
J477,Has pre-req
J478,Has pre-req
J483,Has pre-req
J494,Has pre-req
J495,Has pre-req
J496,Has pre-req
JPN102,Has pre-req
JPN103,Has pre-req
JPN201,Has pre-req
JPN202,Has pre-req
JPN203,Has pre-req
JPN301,Has pre-req
JPN302,Has pre-req
JPN303,Has pre-req
JPN305,Has pre-req
JPN306,Has pre-req
JPN307,Has pre-req
JPN315,Has pre-req
JPN411,Has pre-req
JPN412,Has pre-req
JPN413,Has pre-req
JPN414,Has pre-req
JPN415,Has pre-req
JPN416,Has pre-req
JPN434,Has pre-req
JPN435,Has pre-req
JPN436,Has pre-req
JPN437,Has pre-req
JPN441,Has pre-req
JPN455,Has pre-req
JPN490,Has pre-req
KRN102,Has pre-req
KRN103,Has pre-req
KRN201,Has pre-req
KRN202,Has pre-req
KRN203,Has pre-req
KRN301,Has pre-req
KRN302,Has pre-req
KRN303,Has pre-req
KRN315,Has pre-req
KRN411,Has pre-req
KRN412,Has pre-req
KRN413,Has pre-req
LA327,Has pre-req
LA439,Has pre-req
LA441,Has pre-req
LA465,Has pre-req
LA466,Has pre-req
LA475,Has pre-req
LA489,Has pre-req
LA499,Has pre-req
LAT102,Has pre-req
LAT103,Has pre-req
LAT302,Has pre-req
LAT303,Has pre-req
LING311,Has pre-req
LING312,Has pre-req
LING331,Has pre-req
LING411,Has pre-req
LING415,Has pre-req
LING416,Has pre-req
LING430,Has pre-req
LING432,Has pre-req
LING435,Has pre-req
LING450,Has pre-req
LING451,Has pre-req
LING452,Has pre-req
LING460,Has pre-req
LING491,Has pre-req
LING493,Has pre-req
LING495,Has pre-req
LT436,Has pre-req
LT437,Has pre-req
LT448,Has pre-req
LT449,Has pre-req
MATH101,Has pre-req
MATH105(Z),Has pre-req
MATH106,Has pre-req
MATH107,Has pre-req
MATH111(Z),Has pre-req
MATH111Z,Has pre-req
MATH112(Z),Has pre-req
MATH112Z,Has pre-req
MATH211,Has pre-req
MATH212,Has pre-req
MATH213,Has pre-req
MATH231,Has pre-req
MATH232,Has pre-req
MATH233,Has pre-req
MATH241,Has pre-req
MATH242,Has pre-req
MATH246,Has pre-req
MATH247,Has pre-req
MATH251,Has pre-req
MATH252,Has pre-req
MATH253,Has pre-req
MATH256,Has pre-req
MATH261,Has pre-req
MATH262,Has pre-req
MATH263,Has pre-req
MATH281,Has pre-req
MATH282,Has pre-req
MATH307,Has pre-req
MATH315,Has pre-req
MATH316,Has pre-req
MATH317,Has pre-req
MATH320,Has pre-req
MATH341,Has pre-req
MATH342,Has pre-req
MATH343,Has pre-req
MATH345M,Has pre-req
MATH346,Has pre-req
MATH347,Has pre-req
MATH348,Has pre-req
MATH351,Has pre-req
MATH352,Has pre-req
MATH391,Has pre-req
MATH392,Has pre-req
MATH393,Has pre-req
MATH394,Has pre-req
MATH395,Has pre-req
MATH397,Has pre-req
MATH411,Has pre-req
MATH412,Has pre-req
MATH413,Has pre-req
MATH414,Has pre-req
MATH415,Has pre-req
MATH420,Has pre-req
MATH421,Has pre-req
MATH421M,Has pre-req
MATH422,Has pre-req
MATH425,Has pre-req
MATH431,Has pre-req
MATH432,Has pre-req
MATH433,Has pre-req
MATH434,Has pre-req
MATH441,Has pre-req
MATH444,Has pre-req
MATH445,Has pre-req
MATH446,Has pre-req
MATH456,Has pre-req
MATH457,Has pre-req
MATH458,Has pre-req
MATH461,Has pre-req
MATH462,Has pre-req
MATH463,Has pre-req
MATH467,Has pre-req
MGMT311,Has pre-req
MGMT321,Has pre-req
MGMT335,Has pre-req
MGMT415,Has pre-req
MGMT416,Has pre-req
MGMT417,Has pre-req
MGMT420,Has pre-req
MGMT422,Has pre-req
MGMT443,Has pre-req
MGMT455,Has pre-req
MIL423,Has pre-req
MKTG311,Has pre-req
MKTG390,Has pre-req
MKTG395,Has pre-req
MKTG410,Has pre-req
MKTG415,Has pre-req
MKTG420,Has pre-req
MKTG435,Has pre-req
MKTG445,Has pre-req
MKTG470,Has pre-req
MKTG490,Has pre-req
MUE411,Has pre-req
MUE413,Has pre-req
MUE420,Has pre-req
MUE460,Has pre-req
MUE461,Has pre-req
MUE466,Has pre-req
MUE472,Has pre-req
MUE473,Has pre-req
MUJ181,Has pre-req
MUJ182,Has pre-req
MUJ271,Has pre-req
MUJ272,Has pre-req
MUJ273,Has pre-req
MUJ274,Has pre-req
MUJ275,Has pre-req
MUJ276,Has pre-req
MUJ440,Has pre-req
MUJ474,Has pre-req
MUJ475,Has pre-req
MUJ476,Has pre-req
MUJ477,Has pre-req
MUJ478,Has pre-req
MUJ479,Has pre-req
MUJ480,Has pre-req
MUJ481,Has pre-req
MUJ482,Has pre-req
MUJ483,Has pre-req
MUJ484,Has pre-req
MUJ485,Has pre-req
MUP121,Has pre-req
MUP163,Has pre-req
MUS132,Has pre-req
MUS133,Has pre-req
MUS134,Has pre-req
MUS135,Has pre-req
MUS136,Has pre-req
MUS138,Has pre-req
MUS139,Has pre-req
MUS142,Has pre-req
MUS143,Has pre-req
MUS156,Has pre-req
MUS231,Has pre-req
MUS232,Has pre-req
MUS233,Has pre-req
MUS234,Has pre-req
MUS235,Has pre-req
MUS236,Has pre-req
MUS237,Has pre-req
MUS238,Has pre-req
MUS239,Has pre-req
MUS240,Has pre-req
MUS241,Has pre-req
MUS242,Has pre-req
MUS249,Has pre-req
MUS267,Has pre-req
MUS268,Has pre-req
MUS269,Has pre-req
MUS327,Has pre-req
MUS340,Has pre-req
MUS341,Has pre-req
MUS342,Has pre-req
MUS384,Has pre-req
MUS393,Has pre-req
MUS416,Has pre-req
MUS417,Has pre-req
MUS422,Has pre-req
MUS428,Has pre-req
MUS430,Has pre-req
MUS431,Has pre-req
MUS432,Has pre-req
MUS433,Has pre-req
MUS434,Has pre-req
MUS435,Has pre-req
MUS439,Has pre-req
MUS440,Has pre-req
MUS441,Has pre-req
MUS442,Has pre-req
MUS445,Has pre-req
MUS450,Has pre-req
MUS456,Has pre-req
MUS463,Has pre-req
MUS467,Has pre-req
MUS468,Has pre-req
MUS474,Has pre-req
MUS475,Has pre-req
MUS477,Has pre-req
MUS478,Has pre-req
MUS481,Has pre-req
MUS482,Has pre-req
MUS484,Has pre-req
NORW102,Has pre-req
NORW103,Has pre-req
NORW201,Has pre-req
NORW202,Has pre-req
NORW203,Has pre-req
OBA311,Has pre-req
OBA311H,Has pre-req
OBA312,Has pre-req
OBA330,Has pre-req
OBA335,Has pre-req
OBA335H,Has pre-req
OBA340,Has pre-req
OBA433,Has pre-req
OBA444,Has pre-req
OBA455,Has pre-req
OBA466,Has pre-req
OBA477,Has pre-req
OBA488,Has pre-req
PD301,Has pre-req
PD323,Has pre-req
PD340,Has pre-req
PD350,Has pre-req
PD430,Has pre-req
PD440,Has pre-req
PD483,Has pre-req
PD484,Has pre-req
PD485,Has pre-req
PD487,Has pre-req
PD488,Has pre-req
PEAS380,Has pre-req
PEMA242,Has pre-req
PEMB222,Has pre-req
PEO288,Has pre-req
PEO325,Has pre-req
PEO331,Has pre-req
PEO341,Has pre-req
PEO343,Has pre-req
PEO351,Has pre-req
PEO356,Has pre-req
PEO361,Has pre-req
PEO362,Has pre-req
PEO366,Has pre-req
PEO369M,Has pre-req
PEO371,Has pre-req
PEO391,Has pre-req
PEO392,Has pre-req
PEO411,Has pre-req
PEO413,Has pre-req
PEO455,Has pre-req
PEOL288,Has pre-req
PEOL341,Has pre-req
PEOL351,Has pre-req
PEOL356,Has pre-req
PEOL361,Has pre-req
PEOL363,Has pre-req
PEOL366,Has pre-req
PEOL371,Has pre-req
PEOL391,Has pre-req
PEOL392,Has pre-req
PEOL455,Has pre-req
PEOW325,Has pre-req
PHIL310,Has pre-req
PHIL311,Has pre-req
PHIL312,Has pre-req
PHIL320,Has pre-req
PHIL322,Has pre-req
PHIL323,Has pre-req
PHIL325,Has pre-req
PHIL331,Has pre-req
PHIL339,Has pre-req
PHIL343,Has pre-req
PHIL350,Has pre-req
PHIL407,Has pre-req
PHIL421,Has pre-req
PHIL426,Has pre-req
PHIL433,Has pre-req
PHIL443,Has pre-req
PHIL452,Has pre-req
PHIL453,Has pre-req
PHIL472,Has pre-req
PHIL474,Has pre-req
PHYS201,Has pre-req
PHYS202,Has pre-req
PHYS203,Has pre-req
PHYS251,Has pre-req
PHYS252,Has pre-req
PHYS253,Has pre-req
PHYS301,Has pre-req
PHYS351,Has pre-req
PHYS352,Has pre-req
PHYS353,Has pre-req
PHYS354,Has pre-req
PHYS362,Has pre-req
PHYS369M,Has pre-req
PHYS391,Has pre-req
PHYS411,Has pre-req
PHYS412,Has pre-req
PHYS413,Has pre-req
PHYS415,Has pre-req
PHYS417,Has pre-req
PHYS421M,Has pre-req
PHYS422,Has pre-req
PHYS423M,Has pre-req
PHYS424,Has pre-req
PHYS425,Has pre-req
PHYS431,Has pre-req
PHYS432,Has pre-req
PHYS444,Has pre-req
PHYS491,Has pre-req
PHYS492,Has pre-req
PHYS493,Has pre-req
PORT102,Has pre-req
PORT103,Has pre-req
PORT112,Has pre-req
PORT201,Has pre-req
PORT202,Has pre-req
PORT203,Has pre-req
PORT301,Has pre-req
PORT305,Has pre-req
PORT399,Has pre-req
PPPM404,Has pre-req
PPPM415,Has pre-req
PPPM441,Has pre-req
PPPM452,Has pre-req
PPPM480,Has pre-req
PPPM495,Has pre-req
PS353,Has pre-req
PS446,Has pre-req
PSY302,Has pre-req
PSY303,Has pre-req
PSY304,Has pre-req
PSY305,Has pre-req
PSY306,Has pre-req
PSY307,Has pre-req
PSY308,Has pre-req
PSY309,Has pre-req
PSY412,Has pre-req
PSY420,Has pre-req
PSY433,Has pre-req
PSY435,Has pre-req
PSY436,Has pre-req
PSY438,Has pre-req
PSY440,Has pre-req
PSY445,Has pre-req
PSY449,Has pre-req
PSY450,Has pre-req
PSY456,Has pre-req
PSY457,Has pre-req
PSY458,Has pre-req
PSY459,Has pre-req
PSY461,Has pre-req
PSY468,Has pre-req
PSY469,Has pre-req
PSY471,Has pre-req
PSY472,Has pre-req
PSY473,Has pre-req
PSY475,Has pre-req
PSY476,Has pre-req
PSY478,Has pre-req
PSY479,Has pre-req
PSY480,Has pre-req
RL404,Has pre-req
RUSS102,Has pre-req
RUSS103,Has pre-req
RUSS201,Has pre-req
RUSS202,Has pre-req
RUSS316,Has pre-req
RUSS317,Has pre-req
RUSS318,Has pre-req
RUSS436,Has pre-req
RUSS444,Has pre-req
SBUS250,Has pre-req
SBUS250N,Has pre-req
SBUS450,Has pre-req
SBUS452,Has pre-req
SBUS453,Has pre-req
SBUS455,Has pre-req
SBUS456,Has pre-req
SOC305,Has pre-req
SOC311,Has pre-req
SOC330,Has pre-req
SOC335,Has pre-req
SOC407,Has pre-req
SOC413,Has pre-req
SOC415,Has pre-req
SOC425,Has pre-req
SOC445,Has pre-req
SOC451,Has pre-req
SOC452,Has pre-req
SOC457,Has pre-req
SOC467,Has pre-req
SPAN102,Has pre-req
SPAN103,Has pre-req
SPAN112,Has pre-req
SPAN201,Has pre-req
SPAN202,Has pre-req
SPAN203,Has pre-req
SPAN228,Has pre-req
SPAN238,Has pre-req
SPAN248,Has pre-req
SPAN301,Has pre-req
SPAN303,Has pre-req
SPAN305,Has pre-req
SPAN307,Has pre-req
SPAN308,Has pre-req
SPAN311,Has pre-req
SPAN312,Has pre-req
SPAN315,Has pre-req
SPAN316,Has pre-req
SPAN317,Has pre-req
SPAN318,Has pre-req
SPAN319,Has pre-req
SPAN320,Has pre-req
SPAN322,Has pre-req
SPAN324,Has pre-req
SPAN328,Has pre-req
SPAN330,Has pre-req
SPAN331,Has pre-req
SPAN333,Has pre-req
SPAN341,Has pre-req
SPAN342,Has pre-req
SPAN343,Has pre-req
SPAN344,Has pre-req
SPAN348,Has pre-req
SPAN350,Has pre-req
SPAN351,Has pre-req
SPAN353,Has pre-req
SPAN355,Has pre-req
SPAN407,Has pre-req
SPAN420,Has pre-req
SPAN424,Has pre-req
SPAN425,Has pre-req
SPAN428,Has pre-req
SPAN436,Has pre-req
SPAN437,Has pre-req
SPAN448,Has pre-req
SPAN450,Has pre-req
SPAN451,Has pre-req
SPAN452,Has pre-req
SPAN460,Has pre-req
SPAN466,Has pre-req
SPAN480,Has pre-req
SPAN490,Has pre-req
SPED432,Has pre-req
SPED436,Has pre-req
SPED441,Has pre-req
SPED442,Has pre-req
SPED443,Has pre-req
SPED472,Has pre-req
STAT243(Z) (was MATH243),Has pre-req
SWAH102,Has pre-req
SWAH103,Has pre-req
SWAH202,Has pre-req
SWAH203,Has pre-req
SWAH301,Has pre-req
SWAH302,Has pre-req
SWAH303,Has pre-req
SWED102,Has pre-req
SWED103,Has pre-req
SWED201,Has pre-req
SWED202,Has pre-req
SWED203,Has pre-req
SWED301,Has pre-req
SWED302,Has pre-req
TA251,Has pre-req
TA252,Has pre-req
TA321,Has pre-req
TA322,Has pre-req
TA323,Has pre-req
TA416,Has pre-req
TA417,Has pre-req
TA418,Has pre-req
TA419,Has pre-req
TA420,Has pre-req
TA441,Has pre-req
TA452,Has pre-req
TA490,Has pre-req
WGS315,Has pre-req
WGS321,Has pre-req
WGS331,Has pre-req
WGS350,Has pre-req
WGS351,Has pre-req
WGS421,Has pre-req
WGS422,Has pre-req
WGS432,Has pre-req
WR122(Z),Has pre-req
WR123,Has pre-req
WR320,Has pre-req
WR321,Has pre-req
WR423,Has pre-req
AA404,No pre-req
AA408,No pre-req
AA410,No pre-req
AAA199,No pre-req
AAA321,No pre-req
AAA399,No pre-req
AAA406,No pre-req
AAA407,No pre-req
AAA408,No pre-req
AAA409,No pre-req
AAA410,No pre-req
AAAP408,No pre-req
AAAP410,No pre-req
AAAP411,No pre-req
AAAP415,No pre-req
AAAP421,No pre-req
AAAP422,No pre-req
AAAP423,No pre-req
AAAP435,No pre-req
AAAP438,No pre-req
AAAP441,No pre-req
AAAP451,No pre-req
AAD199,No pre-req
AAD250,No pre-req
AAD251,No pre-req
AAD252,No pre-req
AAD301,No pre-req
AAD312,No pre-req
AAD315,No pre-req
AAD399,No pre-req
AAD406,No pre-req
AAD408,No pre-req
AAD409,No pre-req
AAD410,No pre-req
AAD420,No pre-req
AAD421,No pre-req
AAD422,No pre-req
AAD425,No pre-req
AAD429,No pre-req
AAD430,No pre-req
AAD434,No pre-req
AAD435,No pre-req
AAD450,No pre-req
AAD451,No pre-req
AAD462,No pre-req
AAD465,No pre-req
AAD471,No pre-req
AAD472,No pre-req
ACTG211,No pre-req
ACTG401,No pre-req
ACTG406,No pre-req
ACTG409,No pre-req
ACTG460,No pre-req
AEGP051,No pre-req
AEGP070,No pre-req
AEGP071,No pre-req
AEGP072,No pre-req
AEII013A,No pre-req
AEII014A,No pre-req
AEII015A,No pre-req
AEII016A,No pre-req
AEII023A,No pre-req
AEII024A,No pre-req
AEII025A,No pre-req
AEII026A,No pre-req
AEII033A,No pre-req
AEII035A,No pre-req
AEII036A,No pre-req
AEII043,No pre-req
AEII044,No pre-req
AEII054,No pre-req
AEII054A,No pre-req
AEII055,No pre-req
AEII061,No pre-req
AEII062,No pre-req
AEII063,No pre-req
AEII064,No pre-req
AEII064A,No pre-req
AEII065,No pre-req
AEII070,No pre-req
AEIP050,No pre-req
AEIP060,No pre-req
AEIS102,No pre-req
AEIS111,No pre-req
AEIS199,No pre-req
AFR199,No pre-req
AFR215,No pre-req
AFR405,No pre-req
AFR407,No pre-req
AFR410,No pre-req
ANTH110,No pre-req
ANTH114,No pre-req
ANTH119,No pre-req
ANTH145,No pre-req
ANTH150,No pre-req
ANTH161,No pre-req
ANTH162,No pre-req
ANTH163,No pre-req
ANTH165,No pre-req
ANTH170,No pre-req
ANTH171,No pre-req
ANTH173,No pre-req
ANTH175,No pre-req
ANTH176,No pre-req
ANTH199,No pre-req
ANTH199L,No pre-req
ANTH220,No pre-req
ANTH223,No pre-req
ANTH224M,No pre-req
ANTH234,No pre-req
ANTH243,No pre-req
ANTH248,No pre-req
ANTH250,No pre-req
ANTH255,No pre-req
ANTH260,No pre-req
ANTH270,No pre-req
ANTH274,No pre-req
ANTH278,No pre-req
ANTH280,No pre-req
ANTH298,No pre-req
ANTH310,No pre-req
ANTH314,No pre-req
ANTH315,No pre-req
ANTH326,No pre-req
ANTH327,No pre-req
ANTH328,No pre-req
ANTH329,No pre-req
ANTH330,No pre-req
ANTH331,No pre-req
ANTH332,No pre-req
ANTH341,No pre-req
ANTH342,No pre-req
ANTH344,No pre-req
ANTH345,No pre-req
ANTH346,No pre-req
ANTH347,No pre-req
ANTH349,No pre-req
ANTH362,No pre-req
ANTH365,No pre-req
ANTH369,No pre-req
ANTH399,No pre-req
ANTH400M,No pre-req
ANTH401,No pre-req
ANTH403,No pre-req
ANTH405,No pre-req
ANTH406,No pre-req
ANTH408,No pre-req
ANTH409,No pre-req
ANTH410,No pre-req
ANTH411,No pre-req
ANTH413,No pre-req
ANTH414,No pre-req
ANTH415,No pre-req
ANTH421,No pre-req
ANTH424,No pre-req
ANTH427M,No pre-req
ANTH429,No pre-req
ANTH430,No pre-req
ANTH431,No pre-req
ANTH438,No pre-req
ANTH439,No pre-req
ANTH441,No pre-req
ANTH446,No pre-req
ANTH450,No pre-req
ANTH453,No pre-req
ANTH455,No pre-req
ANTH465,No pre-req
ANTH468,No pre-req
ANTH488,No pre-req
ANTH493,No pre-req
ANTM401,No pre-req
ANTM405,No pre-req
ANTM406,No pre-req
ANTM408,No pre-req
ARB101,No pre-req
ARB199,No pre-req
ARB253,No pre-req
ARB353,No pre-req
ARB399,No pre-req
ARB405,No pre-req
ARB406,No pre-req
ARB409,No pre-req
ARB410,No pre-req
ARCH199,No pre-req
ARCH201,No pre-req
ARCH399,No pre-req
ARCH400M,No pre-req
ARCH401,No pre-req
ARCH403,No pre-req
ARCH405,No pre-req
ARCH406,No pre-req
ARCH407,No pre-req
ARCH408,No pre-req
ARCH409,No pre-req
ARCH410,No pre-req
ARCH410L,No pre-req
ARCH431,No pre-req
ARCH435,No pre-req
ARCH437,No pre-req
ARCH438,No pre-req
ARCH439,No pre-req
ARCH476,No pre-req
ARH101,No pre-req
ARH150,No pre-req
ARH199,No pre-req
ARH204,No pre-req
ARH205,No pre-req
ARH206,No pre-req
ARH207,No pre-req
ARH208,No pre-req
ARH209,No pre-req
ARH210,No pre-req
ARH211,No pre-req
ARH300,No pre-req
ARH314,No pre-req
ARH315,No pre-req
ARH316,No pre-req
ARH317,No pre-req
ARH320M,No pre-req
ARH321,No pre-req
ARH322,No pre-req
ARH323,No pre-req
ARH324,No pre-req
ARH325,No pre-req
ARH326,No pre-req
ARH327,No pre-req
ARH331,No pre-req
ARH341,No pre-req
ARH342,No pre-req
ARH343,No pre-req
ARH344,No pre-req
ARH348,No pre-req
ARH350,No pre-req
ARH351,No pre-req
ARH352,No pre-req
ARH353,No pre-req
ARH354,No pre-req
ARH358,No pre-req
ARH359,No pre-req
ARH368,No pre-req
ARH372,No pre-req
ARH373,No pre-req
ARH382,No pre-req
ARH387,No pre-req
ARH397,No pre-req
ARH399,No pre-req
ARH401,No pre-req
ARH404,No pre-req
ARH407,No pre-req
ARH409,No pre-req
ARH410,No pre-req
ARH411,No pre-req
ARH421,No pre-req
ARH424,No pre-req
ARH425,No pre-req
ARH428,No pre-req
ARH438,No pre-req
ARH440,No pre-req
ARH441,No pre-req
ARH450,No pre-req
ARH451,No pre-req
ARH453,No pre-req
ARH454,No pre-req
ARH457,No pre-req
ARH460,No pre-req
ARH463,No pre-req
ARH465,No pre-req
ARH466,No pre-req
ARH467,No pre-req
ARH468,No pre-req
ARH471,No pre-req
ARH474,No pre-req
ARH475,No pre-req
ARH476,No pre-req
ARH477,No pre-req
ARH478,No pre-req
ARH481,No pre-req
ARH485,No pre-req
ARH488,No pre-req
ART101,No pre-req
ART111,No pre-req
ART115,No pre-req
ART198,No pre-req
ART199,No pre-req
ART233,No pre-req
ART401,No pre-req
ART404,No pre-req
ART405,No pre-req
ART406,No pre-req
ART407,No pre-req
ART408,No pre-req
ART409,No pre-req
ART410,No pre-req
ART412,No pre-req
ARTC199,No pre-req
ARTC401,No pre-req
ARTC404,No pre-req
ARTC405,No pre-req
ARTC406,No pre-req
ARTC408,No pre-req
ARTC410,No pre-req
ARTC468,No pre-req
ARTC490,No pre-req
ARTD199,No pre-req
ARTD250,No pre-req
ARTD251,No pre-req
ARTD252,No pre-req
ARTD401,No pre-req
ARTD404,No pre-req
ARTD405,No pre-req
ARTD406,No pre-req
ARTD408,No pre-req
ARTD409,No pre-req
ARTD410,No pre-req
ARTD415,No pre-req
ARTD490,No pre-req
ARTF406,No pre-req
ARTF408,No pre-req
ARTF409,No pre-req
ARTF410,No pre-req
ARTF490,No pre-req
ARTM199,No pre-req
ARTM404,No pre-req
ARTM406,No pre-req
ARTM408,No pre-req
ARTM409,No pre-req
ARTM490,No pre-req
ARTO199,No pre-req
ARTO351,No pre-req
ARTO404,No pre-req
ARTO406,No pre-req
ARTO408,No pre-req
ARTO409,No pre-req
ARTO410,No pre-req
ARTO490,No pre-req
ARTP401,No pre-req
ARTP406,No pre-req
ARTP408,No pre-req
ARTP409,No pre-req
ARTP490,No pre-req
ARTP491,No pre-req
ARTR199,No pre-req
ARTR401,No pre-req
ARTR406,No pre-req
ARTR408,No pre-req
ARTR409,No pre-req
ARTR410,No pre-req
ARTR490,No pre-req
ARTS401,No pre-req
ARTS406,No pre-req
ARTS408,No pre-req
ARTS409,No pre-req
ARTS410,No pre-req
ARTS490,No pre-req
ASIA111,No pre-req
ASIA199,No pre-req
ASIA350,No pre-req
ASIA399,No pre-req
ASIA401,No pre-req
ASIA403,No pre-req
ASIA410,No pre-req
ASIA425,No pre-req
ASIA480,No pre-req
ASL301,No pre-req
ASL311,No pre-req
ASTR121,No pre-req
ASTR122,No pre-req
ASTR123,No pre-req
ASTR199,No pre-req
BA101,No pre-req
BA199,No pre-req
BA240,No pre-req
BA252,No pre-req
BA352,No pre-req
BA352H,No pre-req
BA361,No pre-req
BA362,No pre-req
BA363,No pre-req
BA364,No pre-req
BA365,No pre-req
BA399,No pre-req
BA400M,No pre-req
BA404,No pre-req
BA410,No pre-req
BA425,No pre-req
BA453H,No pre-req
BE410,No pre-req
BEHT410,No pre-req
BI100,No pre-req
BI121,No pre-req
BI122,No pre-req
BI123,No pre-req
BI130,No pre-req
BI131,No pre-req
BI132,No pre-req
BI140,No pre-req
BI140M,No pre-req
BI150,No pre-req
BI160,No pre-req
BI170,No pre-req
BI199,No pre-req
BI199L,No pre-req
BI372,No pre-req
BI401,No pre-req
BI402,No pre-req
BI403,No pre-req
BI405,No pre-req
BI406,No pre-req
BI407,No pre-req
BI408,No pre-req
BI409,No pre-req
BI410L,No pre-req
BI469,No pre-req
BI473,No pre-req
BIOE399,No pre-req
BIOE410,No pre-req
BIOE410L,No pre-req
BLST141,No pre-req
CAS101,No pre-req
CAS101H,No pre-req
CAS110,No pre-req
CAS120,No pre-req
CAS130,No pre-req
CAS199,No pre-req
CAS210,No pre-req
CAS230,No pre-req
CAS399,No pre-req
CAS407,No pre-req
CAS409,No pre-req
CAS417,No pre-req
CDS401,No pre-req
CDS406,No pre-req
CDS409,No pre-req
CDS410,No pre-req
CDS411,No pre-req
CDS430,No pre-req
CDS442,No pre-req
CDS443,No pre-req
CDS446,No pre-req
CDS455,No pre-req
CDS457,No pre-req
CDS459,No pre-req
CFT401,No pre-req
CFT407,No pre-req
CFT410,No pre-req
CFT412,No pre-req
CH114,No pre-req
CH140M,No pre-req
CH157M,No pre-req
CH199,No pre-req
CH399,No pre-req
CH399L,No pre-req
CH401,No pre-req
CH405,No pre-req
CH407,No pre-req
CH408,No pre-req
CH410,No pre-req
CH410L,No pre-req
CH417,No pre-req
CH431,No pre-req
CH432,No pre-req
CH433,No pre-req
CH452,No pre-req
CH467,No pre-req
CHN101,No pre-req
CHN150,No pre-req
CHN151,No pre-req
CHN152,No pre-req
CHN199,No pre-req
CHN200M,No pre-req
CHN380,No pre-req
CHN399,No pre-req
CHN399L,No pre-req
CHN400M,No pre-req
CHN401,No pre-req
CHN403,No pre-req
CHN405,No pre-req
CHN407,No pre-req
CHN408,No pre-req
CHN410,No pre-req
CHN413,No pre-req
CHN423,No pre-req
CHN424,No pre-req
CHN425,No pre-req
CHN436,No pre-req
CHN437,No pre-req
CHN438,No pre-req
CHN452,No pre-req
CHN480,No pre-req
CHN481,No pre-req
CHN482,No pre-req
CINE110M,No pre-req
CINE111,No pre-req
CINE151M,No pre-req
CINE199,No pre-req
CINE230,No pre-req
CINE260M,No pre-req
CINE265,No pre-req
CINE266,No pre-req
CINE267,No pre-req
CINE268,No pre-req
CINE330,No pre-req
CINE335,No pre-req
CINE340,No pre-req
CINE345,No pre-req
CINE350,No pre-req
CINE360,No pre-req
CINE362M,No pre-req
CINE365,No pre-req
CINE381M,No pre-req
CINE399,No pre-req
CINE401,No pre-req
CINE404,No pre-req
CINE405,No pre-req
CINE407,No pre-req
CINE415,No pre-req
CINE440,No pre-req
CINE470,No pre-req
CINE486M,No pre-req
CINE490,No pre-req
CIS102,No pre-req
CIS110,No pre-req
CIS199,No pre-req
CIS399,No pre-req
CIS400M,No pre-req
CIS404,No pre-req
CIS410,No pre-req
CIS454,No pre-req
CIS490,No pre-req
CIT405,No pre-req
CLAS110,No pre-req
CLAS188,No pre-req
CLAS199,No pre-req
CLAS201,No pre-req
CLAS202,No pre-req
CLAS301,No pre-req
CLAS302,No pre-req
CLAS303,No pre-req
CLAS310,No pre-req
CLAS311,No pre-req
CLAS314,No pre-req
CLAS321,No pre-req
CLAS322,No pre-req
CLAS330,No pre-req
CLAS399,No pre-req
CLAS403,No pre-req
CLAS407,No pre-req
COLT101,No pre-req
COLT102,No pre-req
COLT103,No pre-req
COLT199,No pre-req
COLT211,No pre-req
COLT212,No pre-req
COLT231,No pre-req
COLT232,No pre-req
COLT301,No pre-req
COLT302,No pre-req
COLT303,No pre-req
COLT304,No pre-req
COLT305,No pre-req
COLT350,No pre-req
COLT360,No pre-req
COLT370,No pre-req
COLT380,No pre-req
COLT390,No pre-req
COLT399,No pre-req
COLT401,No pre-req
COLT403,No pre-req
COLT405,No pre-req
COLT407,No pre-req
COLT408,No pre-req
COLT410,No pre-req
COLT415,No pre-req
COLT440,No pre-req
COLT450,No pre-req
COLT460,No pre-req
COLT461,No pre-req
COLT462,No pre-req
COLT470,No pre-req
COLT490,No pre-req
CPSY199,No pre-req
CPSY217,No pre-req
CPSY401,No pre-req
CPSY404,No pre-req
CPSY405,No pre-req
CPSY406,No pre-req
CPSY407,No pre-req
CPSY408,No pre-req
CPSY410,No pre-req
CPSY417,No pre-req
CRES101,No pre-req
CRES199,No pre-req
CRES351,No pre-req
CRES399,No pre-req
CRES410,No pre-req
CRES415,No pre-req
CRES420,No pre-req
CRES430,No pre-req
CRES435,No pre-req
CRES440,No pre-req
CRES445,No pre-req
CRWR199,No pre-req
CRWR225,No pre-req
CRWR230,No pre-req
CRWR240,No pre-req
CRWR244,No pre-req
CRWR399,No pre-req
CRWR405,No pre-req
CRWR407,No pre-req
CS102,No pre-req
CS110,No pre-req
CS299,No pre-req
CS399,No pre-req
CS400M,No pre-req
CS410,No pre-req
DAN125,No pre-req
DAN171,No pre-req
DAN199,No pre-req
DAN241,No pre-req
DAN251,No pre-req
DAN255,No pre-req
DAN256,No pre-req
DAN258,No pre-req
DAN260,No pre-req
DAN280,No pre-req
DAN294,No pre-req
DAN299,No pre-req
DAN301,No pre-req
DAN351,No pre-req
DAN352,No pre-req
DAN355,No pre-req
DAN360,No pre-req
DAN380,No pre-req
DAN394,No pre-req
DAN396,No pre-req
DAN404,No pre-req
DAN405,No pre-req
DAN406,No pre-req
DAN407,No pre-req
DAN408,No pre-req
DAN410,No pre-req
DAN411,No pre-req
DAN412,No pre-req
DAN425,No pre-req
DAN436,No pre-req
DAN453,No pre-req
DAN454,No pre-req
DAN480,No pre-req
DAN481,No pre-req
DAN482,No pre-req
DAN491,No pre-req
DAN496,No pre-req
DANC170,No pre-req
DANC171,No pre-req
DANC172,No pre-req
DANC175,No pre-req
DANC176,No pre-req
DANC184,No pre-req
DANC185,No pre-req
DANC199,No pre-req
DANC271,No pre-req
DANC275,No pre-req
DANC276,No pre-req
DANC299,No pre-req
DANC375,No pre-req
DANC376,No pre-req
DANC399,No pre-req
DANE101,No pre-req
DANE199,No pre-req
DSC330,No pre-req
DSC330H,No pre-req
DSC340,No pre-req
DSC340H,No pre-req
DSC410,No pre-req
DSCI101,No pre-req
DSCI299,No pre-req
DSCI400M,No pre-req
DSCI401,No pre-req
DSCI404,No pre-req
DSCI409,No pre-req
DSCI410L,No pre-req
DSGN321,No pre-req
DSGN404,No pre-req
DSGN406,No pre-req
DSGN408,No pre-req
DSGN410,No pre-req
EALL199,No pre-req
EALL209,No pre-req
EALL210,No pre-req
EALL211,No pre-req
EALL360,No pre-req
EALL399,No pre-req
EALL401,No pre-req
EALL406,No pre-req
EALL407,No pre-req
EALL409,No pre-req
EALL410,No pre-req
EALL442,No pre-req
EALL486,No pre-req
EC101,No pre-req
EC199,No pre-req
EC201,No pre-req
EC202,No pre-req
EC399,No pre-req
EC400M,No pre-req
EC401,No pre-req
EC404,No pre-req
EC405,No pre-req
EC407,No pre-req
EC408,No pre-req
EDLD199,No pre-req
EDLD211,No pre-req
EDLD311,No pre-req
EDLD313,No pre-req
EDLD405,No pre-req
EDLD408,No pre-req
EDLD410,No pre-req
EDLD411,No pre-req
EDLD422,No pre-req
EDLD430,No pre-req
EDLD450,No pre-req
EDLD460,No pre-req
EDST111,No pre-req
EDST199,No pre-req
EDST211,No pre-req
EDST220,No pre-req
EDST225,No pre-req
EDST231,No pre-req
EDST338,No pre-req
EDST339,No pre-req
EDST399,No pre-req
EDST401,No pre-req
EDST404,No pre-req
EDST405,No pre-req
EDST406,No pre-req
EDST408,No pre-req
EDST410,No pre-req
EDST411,No pre-req
EDST422,No pre-req
EDST440,No pre-req
EDST448,No pre-req
EDST461,No pre-req
EDST462,No pre-req
EDST471,No pre-req
ENG104,No pre-req
ENG105,No pre-req
ENG106,No pre-req
ENG107,No pre-req
ENG108,No pre-req
ENG109,No pre-req
ENG110,No pre-req
ENG110M,No pre-req
ENG199,No pre-req
ENG205,No pre-req
ENG207,No pre-req
ENG208,No pre-req
ENG209,No pre-req
ENG211,No pre-req
ENG215,No pre-req
ENG216,No pre-req
ENG220,No pre-req
ENG221,No pre-req
ENG225,No pre-req
ENG230,No pre-req
ENG240,No pre-req
ENG241,No pre-req
ENG242,No pre-req
ENG243,No pre-req
ENG244,No pre-req
ENG245,No pre-req
ENG246,No pre-req
ENG250,No pre-req
ENG260,No pre-req
ENG260M,No pre-req
ENG265,No pre-req
ENG266,No pre-req
ENG267,No pre-req
ENG280,No pre-req
ENG300,No pre-req
ENG313,No pre-req
ENG315,No pre-req
ENG316,No pre-req
ENG321,No pre-req
ENG322,No pre-req
ENG323,No pre-req
ENG325,No pre-req
ENG340,No pre-req
ENG352,No pre-req
ENG360,No pre-req
ENG361,No pre-req
ENG362,No pre-req
ENG363,No pre-req
ENG364,No pre-req
ENG365,No pre-req
ENG380,No pre-req
ENG381,No pre-req
ENG381M,No pre-req
ENG385,No pre-req
ENG386,No pre-req
ENG391,No pre-req
ENG392,No pre-req
ENG394,No pre-req
ENG395,No pre-req
ENG399,No pre-req
ENG401,No pre-req
ENG403,No pre-req
ENG404,No pre-req
ENG405,No pre-req
ENG407,No pre-req
ENG410,No pre-req
ENG412,No pre-req
ENG413,No pre-req
ENG419,No pre-req
ENG420,No pre-req
ENG421,No pre-req
ENG423,No pre-req
ENG425,No pre-req
ENG427,No pre-req
ENG428,No pre-req
ENG434,No pre-req
ENG436,No pre-req
ENG438,No pre-req
ENG440,No pre-req
ENG442,No pre-req
ENG446,No pre-req
ENG448,No pre-req
ENG451,No pre-req
ENG452,No pre-req
ENG454,No pre-req
ENG455,No pre-req
ENG457,No pre-req
ENG461,No pre-req
ENG462,No pre-req
ENG466,No pre-req
ENG467,No pre-req
ENG468,No pre-req
ENG469,No pre-req
ENG475,No pre-req
ENG476,No pre-req
ENG479,No pre-req
ENG480,No pre-req
ENG481,No pre-req
ENG485,No pre-req
ENG486,No pre-req
ENG486M,No pre-req
ENG488,No pre-req
ENG490,No pre-req
ENG492,No pre-req
ENG493,No pre-req
ENG494,No pre-req
ENG496,No pre-req
ENG497,No pre-req
ENG498,No pre-req
ENVS196,No pre-req
ENVS199,No pre-req
ENVS201,No pre-req
ENVS202,No pre-req
ENVS203,No pre-req
ENVS225,No pre-req
ENVS298,No pre-req
ENVS345,No pre-req
ENVS375,No pre-req
ENVS399,No pre-req
ENVS400M,No pre-req
ENVS401,No pre-req
ENVS403,No pre-req
ENVS404,No pre-req
ENVS405,No pre-req
ENVS406,No pre-req
ENVS407,No pre-req
ENVS409,No pre-req
ENVS410,No pre-req
ENVS411,No pre-req
ENVS425,No pre-req
ENVS427,No pre-req
ENVS429,No pre-req
ENVS429L,No pre-req
ENVS459,No pre-req
ERTH101,No pre-req
ERTH102,No pre-req
ERTH103,No pre-req
ERTH137,No pre-req
ERTH156M,No pre-req
ERTH199,No pre-req
ERTH201,No pre-req
ERTH202,No pre-req
ERTH203,No pre-req
ERTH213,No pre-req
ERTH304,No pre-req
ERTH305,No pre-req
ERTH306,No pre-req
ERTH307,No pre-req
ERTH308,No pre-req
ERTH310,No pre-req
ERTH319,No pre-req
ERTH351,No pre-req
ERTH352,No pre-req
ERTH399,No pre-req
ERTH400M,No pre-req
ERTH401,No pre-req
ERTH403,No pre-req
ERTH405,No pre-req
ERTH406,No pre-req
ERTH407,No pre-req
ERTH410,No pre-req
ERTH410L,No pre-req
ERTH420,No pre-req
ERTH438,No pre-req
ERTH441,No pre-req
ERTH473,No pre-req
ES100,No pre-req
ES101,No pre-req
ES196,No pre-req
ES199,No pre-req
ES224M,No pre-req
ES250,No pre-req
ES252,No pre-req
ES254,No pre-req
ES256,No pre-req
ES258,No pre-req
ES310,No pre-req
ES321,No pre-req
ES330,No pre-req
ES345M,No pre-req
ES350,No pre-req
ES352,No pre-req
ES354,No pre-req
ES360,No pre-req
ES370,No pre-req
ES380,No pre-req
ES399,No pre-req
ES401,No pre-req
ES404,No pre-req
ES405,No pre-req
ES407,No pre-req
ES410,No pre-req
ES440,No pre-req
ES442,No pre-req
ES450,No pre-req
ES456,No pre-req
ES460,No pre-req
ES464,No pre-req
ES468,No pre-req
ES470,No pre-req
EURO415,No pre-req
FHS199,No pre-req
FHS213,No pre-req
FHS215,No pre-req
FHS216,No pre-req
FHS320,No pre-req
FHS321,No pre-req
FHS322,No pre-req
FHS327,No pre-req
FHS399,No pre-req
FHS401,No pre-req
FHS404,No pre-req
FHS405,No pre-req
FHS406,No pre-req
FHS407,No pre-req
FHS408,No pre-req
FHS409,No pre-req
FHS410,No pre-req
FHS430,No pre-req
FHS431,No pre-req
FHS432,No pre-req
FHS473,No pre-req
FHS482,No pre-req
FHS483,No pre-req
FHS490,No pre-req
FHS491,No pre-req
FHS495,No pre-req
FHS496,No pre-req
FIG001,No pre-req
FIG002,No pre-req
FIG003,No pre-req
FIG004,No pre-req
FIN240,No pre-req
FIN281,No pre-req
FIN283,No pre-req
FIN311H,No pre-req
FIN316H,No pre-req
FIN403,No pre-req
FIN406,No pre-req
FIN409,No pre-req
FIN410,No pre-req
FINN101,No pre-req
FLR199,No pre-req
FLR199L,No pre-req
FLR225,No pre-req
FLR235,No pre-req
FLR236,No pre-req
FLR245,No pre-req
FLR250,No pre-req
FLR255,No pre-req
FLR320,No pre-req
FLR350,No pre-req
FLR365,No pre-req
FLR370,No pre-req
FLR399,No pre-req
FLR400M,No pre-req
FLR401,No pre-req
FLR404,No pre-req
FLR405,No pre-req
FLR407,No pre-req
FLR410,No pre-req
FLR411,No pre-req
FLR413,No pre-req
FLR414,No pre-req
FLR415,No pre-req
FLR416,No pre-req
FLR418,No pre-req
FLR450,No pre-req
FLR483,No pre-req
FLR485,No pre-req
FLR491,No pre-req
FLR495,No pre-req
FR101,No pre-req
FR111,No pre-req
FR150,No pre-req
FR199,No pre-req
FR201,No pre-req
FR342,No pre-req
FR361,No pre-req
FR405,No pre-req
FR410,No pre-req
GEOG141,No pre-req
GEOG142,No pre-req
GEOG181,No pre-req
GEOG199,No pre-req
GEOG201,No pre-req
GEOG202,No pre-req
GEOG204,No pre-req
GEOG205,No pre-req
GEOG208,No pre-req
GEOG209,No pre-req
GEOG214,No pre-req
GEOG281,No pre-req
GEOG285,No pre-req
GEOG311,No pre-req
GEOG341,No pre-req
GEOG342,No pre-req
GEOG343,No pre-req
GEOG391,No pre-req
GEOG399,No pre-req
GEOG399L,No pre-req
GEOG401,No pre-req
GEOG403,No pre-req
GEOG405,No pre-req
GEOG406,No pre-req
GEOG408,No pre-req
GEOG409,No pre-req
GEOG410,No pre-req
GEOG410L,No pre-req
GEOG419,No pre-req
GEOG441,No pre-req
GEOG442,No pre-req
GEOG443,No pre-req
GEOG444,No pre-req
GEOG445,No pre-req
GEOG448,No pre-req
GEOG461,No pre-req
GEOG463,No pre-req
GEOG465,No pre-req
GEOG466,No pre-req
GEOG467,No pre-req
GEOG468,No pre-req
GEOG471,No pre-req
GEOG475,No pre-req
GEOG481,No pre-req
GEOL101,No pre-req
GEOL102,No pre-req
GEOL103,No pre-req
GEOL110,No pre-req
GEOL137,No pre-req
GEOL156M,No pre-req
GEOL199,No pre-req
GEOL201,No pre-req
GEOL202,No pre-req
GEOL203,No pre-req
GEOL213,No pre-req
GEOL304,No pre-req
GEOL305,No pre-req
GEOL306,No pre-req
GEOL307,No pre-req
GEOL308,No pre-req
GEOL310,No pre-req
GEOL319,No pre-req
GEOL351,No pre-req
GEOL352,No pre-req
GEOL399,No pre-req
GEOL401,No pre-req
GEOL403,No pre-req
GEOL405,No pre-req
GEOL406,No pre-req
GEOL407,No pre-req
GEOL408,No pre-req
GEOL410,No pre-req
GEOL420,No pre-req
GEOL438,No pre-req
GEOL441,No pre-req
GEOL473,No pre-req
GER101,No pre-req
GER104,No pre-req
GER198,No pre-req
GER199,No pre-req
GER220M,No pre-req
GER221,No pre-req
GER222,No pre-req
GER223,No pre-req
GER250,No pre-req
GER251,No pre-req
GER252,No pre-req
GER257,No pre-req
GER258,No pre-req
GER259,No pre-req
GER280M,No pre-req
GER300,No pre-req
GER327,No pre-req
GER345M,No pre-req
GER350,No pre-req
GER351,No pre-req
GER352,No pre-req
GER354,No pre-req
GER355,No pre-req
GER356,No pre-req
GER357,No pre-req
GER401,No pre-req
GER405,No pre-req
GER406,No pre-req
GER407,No pre-req
GER408,No pre-req
GER409,No pre-req
GER410,No pre-req
GER470,No pre-req
GLBL101,No pre-req
GLBL102,No pre-req
GLBL199,No pre-req
GLBL230,No pre-req
GLBL240,No pre-req
GLBL250,No pre-req
GLBL270,No pre-req
GLBL280,No pre-req
GLBL340,No pre-req
GLBL345,No pre-req
GLBL350,No pre-req
GLBL360,No pre-req
GLBL370,No pre-req
GLBL399,No pre-req
GLBL401,No pre-req
GLBL403,No pre-req
GLBL405,No pre-req
GLBL406,No pre-req
GLBL407,No pre-req
GLBL409,No pre-req
GLBL410,No pre-req
GLBL415,No pre-req
GLBL425,No pre-req
GLBL431,No pre-req
GLBL433,No pre-req
GLBL434,No pre-req
GLBL435,No pre-req
GLBL444,No pre-req
GLBL445,No pre-req
GLBL446,No pre-req
GLBL448,No pre-req
GLBL463,No pre-req
GLBL467,No pre-req
GRK101,No pre-req
GRK102,No pre-req
GRK103,No pre-req
GRK301,No pre-req
GRK302,No pre-req
GRK303,No pre-req
GRK405,No pre-req
GRK411,No pre-req
GSL407,No pre-req
GSL410,No pre-req
HBRW111,No pre-req
HBRW112,No pre-req
HBRW113,No pre-req
HBRW199,No pre-req
HBRW311,No pre-req
HBRW312,No pre-req
HBRW313,No pre-req
HBRW399,No pre-req
HBRW405,No pre-req
HC101H,No pre-req
HC199H,No pre-req
HC207H,No pre-req
HC209H,No pre-req
HC221H,No pre-req
HC222H,No pre-req
HC223H,No pre-req
HC231H,No pre-req
HC232H,No pre-req
HC233H,No pre-req
HC241H,No pre-req
HC277H,No pre-req
HC399H,No pre-req
HC401H,No pre-req
HC403H,No pre-req
HC405H,No pre-req
HC406H,No pre-req
HC408H,No pre-req
HC410H,No pre-req
HC421H,No pre-req
HC424H,No pre-req
HC431H,No pre-req
HC434H,No pre-req
HC441H,No pre-req
HC444H,No pre-req
HC477H,No pre-req
HIST101,No pre-req
HIST102,No pre-req
HIST103,No pre-req
HIST104,No pre-req
HIST105,No pre-req
HIST106,No pre-req
HIST120,No pre-req
HIST121,No pre-req
HIST186,No pre-req
HIST190,No pre-req
HIST191,No pre-req
HIST192,No pre-req
HIST199,No pre-req
HIST201,No pre-req
HIST202,No pre-req
HIST203,No pre-req
HIST205,No pre-req
HIST211,No pre-req
HIST215,No pre-req
HIST221,No pre-req
HIST239,No pre-req
HIST240,No pre-req
HIST241,No pre-req
HIST245,No pre-req
HIST248,No pre-req
HIST250,No pre-req
HIST251,No pre-req
HIST273,No pre-req
HIST286,No pre-req
HIST290,No pre-req
HIST298,No pre-req
HIST301,No pre-req
HIST302,No pre-req
HIST303,No pre-req
HIST307,No pre-req
HIST308,No pre-req
HIST309,No pre-req
HIST319,No pre-req
HIST320,No pre-req
HIST321,No pre-req
HIST322,No pre-req
HIST325,No pre-req
HIST326,No pre-req
HIST327,No pre-req
HIST332,No pre-req
HIST336,No pre-req
HIST337,No pre-req
HIST340,No pre-req
HIST342,No pre-req
HIST345,No pre-req
HIST346,No pre-req
HIST347,No pre-req
HIST350,No pre-req
HIST351,No pre-req
HIST352,No pre-req
HIST358,No pre-req
HIST361,No pre-req
HIST362,No pre-req
HIST363,No pre-req
HIST368,No pre-req
HIST378,No pre-req
HIST379,No pre-req
HIST380,No pre-req
HIST381,No pre-req
HIST382,No pre-req
HIST383,No pre-req
HIST385,No pre-req
HIST386,No pre-req
HIST387,No pre-req
HIST388,No pre-req
HIST396,No pre-req
HIST399,No pre-req
HIST400M,No pre-req
HIST401,No pre-req
HIST403,No pre-req
HIST404,No pre-req
HIST405,No pre-req
HIST406,No pre-req
HIST407,No pre-req
HIST408,No pre-req
HIST410,No pre-req
HIST411,No pre-req
HIST412,No pre-req
HIST414,No pre-req
HIST415,No pre-req
HIST416,No pre-req
HIST417,No pre-req
HIST419,No pre-req
HIST420,No pre-req
HIST425,No pre-req
HIST427,No pre-req
HIST428,No pre-req
HIST434,No pre-req
HIST435,No pre-req
HIST436,No pre-req
HIST437,No pre-req
HIST438,No pre-req
HIST441,No pre-req
HIST442,No pre-req
HIST443,No pre-req
HIST444,No pre-req
HIST445,No pre-req
HIST446,No pre-req
HIST449,No pre-req
HIST450,No pre-req
HIST451,No pre-req
HIST455,No pre-req
HIST456,No pre-req
HIST457,No pre-req
HIST460,No pre-req
HIST461,No pre-req
HIST463,No pre-req
HIST466,No pre-req
HIST467,No pre-req
HIST468,No pre-req
HIST469,No pre-req
HIST470,No pre-req
HIST471,No pre-req
HIST473,No pre-req
HIST480,No pre-req
HIST482,No pre-req
HIST483,No pre-req
HIST484,No pre-req
HIST487,No pre-req
HIST490,No pre-req
HIST491,No pre-req
HIST497,No pre-req
HIST498,No pre-req
HPHY101,No pre-req
HPHY102,No pre-req
HPHY103,No pre-req
HPHY104,No pre-req
HPHY105,No pre-req
HPHY111,No pre-req
HPHY112,No pre-req
HPHY211,No pre-req
HPHY212,No pre-req
HPHY399,No pre-req
HPHY401,No pre-req
HPHY403,No pre-req
HPHY404,No pre-req
HPHY406,No pre-req
HPHY408,No pre-req
HPHY409,No pre-req
HPHY410,No pre-req
HPHY450,No pre-req
HUM101,No pre-req
HUM102,No pre-req
HUM103,No pre-req
HUM199,No pre-req
HUM215,No pre-req
HUM240,No pre-req
HUM245,No pre-req
HUM260,No pre-req
HUM298,No pre-req
HUM300,No pre-req
HUM315,No pre-req
HUM354,No pre-req
HUM355,No pre-req
HUM361,No pre-req
HUM399,No pre-req
HUM405,No pre-req
HUM407,No pre-req
HUM410,No pre-req
IARC204,No pre-req
IARC401,No pre-req
IARC406,No pre-req
IARC407,No pre-req
IARC409,No pre-req
IARC410,No pre-req
IARC474,No pre-req
IARC475,No pre-req
IARC476,No pre-req
ICH101,No pre-req
ICH199,No pre-req
INTL101,No pre-req
INTL199,No pre-req
INTL240,No pre-req
INTL250,No pre-req
INTL260,No pre-req
INTL280,No pre-req
INTL323,No pre-req
INTL340,No pre-req
INTL345,No pre-req
INTL360,No pre-req
INTL370,No pre-req
INTL399,No pre-req
INTL401,No pre-req
INTL403,No pre-req
INTL405,No pre-req
INTL406,No pre-req
INTL407,No pre-req
INTL408,No pre-req
INTL409,No pre-req
INTL410,No pre-req
INTL423,No pre-req
INTL424,No pre-req
INTL425,No pre-req
INTL431,No pre-req
INTL432,No pre-req
INTL433,No pre-req
INTL434,No pre-req
INTL442,No pre-req
INTL444,No pre-req
INTL445,No pre-req
INTL446,No pre-req
INTL447,No pre-req
INTL448,No pre-req
INTL463,No pre-req
INTL465,No pre-req
INTL467,No pre-req
ITAL101,No pre-req
ITAL104,No pre-req
ITAL150,No pre-req
ITAL151,No pre-req
ITAL152,No pre-req
ITAL199,No pre-req
ITAL201,No pre-req
ITAL252,No pre-req
ITAL341,No pre-req
ITAL399,No pre-req
ITAL405,No pre-req
ITAL408,No pre-req
ITAL410,No pre-req
J100,No pre-req
J101,No pre-req
J199,No pre-req
J201,No pre-req
J209,No pre-req
J249,No pre-req
J299,No pre-req
J315H,No pre-req
J340,No pre-req
J350,No pre-req
J377,No pre-req
J399,No pre-req
J400M,No pre-req
J401,No pre-req
J403,No pre-req
J404,No pre-req
J405,No pre-req
J406,No pre-req
J408,No pre-req
J409,No pre-req
J410,No pre-req
J424H,No pre-req
J427M,No pre-req
J448,No pre-req
J449,No pre-req
J469,No pre-req
J476,No pre-req
J480,No pre-req
J489,No pre-req
JDST212,No pre-req
JDST213,No pre-req
JDST320M,No pre-req
JDST324,No pre-req
JDST330,No pre-req
JDST340,No pre-req
JDST352,No pre-req
JDST353,No pre-req
JDST354,No pre-req
JDST399,No pre-req
JDST405,No pre-req
JDST410,No pre-req
JPN101,No pre-req
JPN199,No pre-req
JPN250,No pre-req
JPN399,No pre-req
JPN401,No pre-req
JPN405,No pre-req
JPN407,No pre-req
JPN410,No pre-req
JPN425,No pre-req
JPN471,No pre-req
JPN473,No pre-req
JPN480,No pre-req
KRN101,No pre-req
KRN151,No pre-req
KRN151M,No pre-req
KRN199,No pre-req
KRN309,No pre-req
KRN360,No pre-req
KRN361,No pre-req
KRN362M,No pre-req
KRN399,No pre-req
KRN410,No pre-req
LA196,No pre-req
LA199,No pre-req
LA227,No pre-req
LA260,No pre-req
LA289,No pre-req
LA301,No pre-req
LA326,No pre-req
LA328,No pre-req
LA333,No pre-req
LA337,No pre-req
LA350,No pre-req
LA352,No pre-req
LA362,No pre-req
LA366,No pre-req
LA375,No pre-req
LA390,No pre-req
LA399,No pre-req
LA401,No pre-req
LA404,No pre-req
LA405,No pre-req
LA406,No pre-req
LA407,No pre-req
LA408,No pre-req
LA409,No pre-req
LA410,No pre-req
LA413,No pre-req
LA415,No pre-req
LA417,No pre-req
LA421,No pre-req
LA423,No pre-req
LA429,No pre-req
LA433,No pre-req
LA440,No pre-req
LA450,No pre-req
LA451,No pre-req
LA452,No pre-req
LA453,No pre-req
LA459,No pre-req
LA462,No pre-req
LA464,No pre-req
LA472,No pre-req
LA474,No pre-req
LA480,No pre-req
LA484,No pre-req
LA490,No pre-req
LA494,No pre-req
LAS199,No pre-req
LAS200,No pre-req
LAS211,No pre-req
LAS212,No pre-req
LAS399,No pre-req
LAS400M,No pre-req
LAS404,No pre-req
LAS407,No pre-req
LAT101,No pre-req
LAT301,No pre-req
LAT405,No pre-req
LAT411,No pre-req
LAW101,No pre-req
LAW102,No pre-req
LAW103,No pre-req
LAW104,No pre-req
LAW199,No pre-req
LAW201,No pre-req
LAW202,No pre-req
LAW203,No pre-req
LAW204,No pre-req
LAW250,No pre-req
LAW301,No pre-req
LAW304,No pre-req
LAW305,No pre-req
LAW310,No pre-req
LAW399,No pre-req
LAW410,No pre-req
LAW415,No pre-req
LAW416,No pre-req
LERC406,No pre-req
LIB101,No pre-req
LIB199,No pre-req
LIB399,No pre-req
LIB400M,No pre-req
LIB405,No pre-req
LIB406,No pre-req
LIB408,No pre-req
LIB410,No pre-req
LING101,No pre-req
LING144,No pre-req
LING150,No pre-req
LING199,No pre-req
LING201,No pre-req
LING211,No pre-req
LING225,No pre-req
LING294,No pre-req
LING295,No pre-req
LING296,No pre-req
LING297,No pre-req
LING301,No pre-req
LING302,No pre-req
LING396,No pre-req
LING399,No pre-req
LING401,No pre-req
LING403,No pre-req
LING404,No pre-req
LING405,No pre-req
LING407,No pre-req
LING408,No pre-req
LING409,No pre-req
LING410,No pre-req
LING420,No pre-req
LING423,No pre-req
LING431,No pre-req
LING440,No pre-req
LING444,No pre-req
LING494,No pre-req
LT199,No pre-req
LT399,No pre-req
LT402,No pre-req
LT406,No pre-req
LT407,No pre-req
LT409,No pre-req
LT410,No pre-req
LT428,No pre-req
LT434,No pre-req
LT435,No pre-req
LT438,No pre-req
LT439,No pre-req
LT441,No pre-req
MATH070,No pre-req
MATH095,No pre-req
MATH099,No pre-req
MATH199,No pre-req
MATH201,No pre-req
MATH202,No pre-req
MATH203,No pre-req
MATH204,No pre-req
MATH205,No pre-req
MATH206,No pre-req
MATH401,No pre-req
MATH403,No pre-req
MATH405,No pre-req
MATH407,No pre-req
MATH410,No pre-req
MDVL199,No pre-req
MDVL399,No pre-req
MENA111,No pre-req
MENA200M,No pre-req
MGMT225,No pre-req
MGMT250,No pre-req
MGMT311H,No pre-req
MGMT321H,No pre-req
MGMT401,No pre-req
MGMT405,No pre-req
MGMT406,No pre-req
MGMT409,No pre-req
MGMT410,No pre-req
MIL121,No pre-req
MIL122,No pre-req
MIL123,No pre-req
MIL131,No pre-req
MIL141,No pre-req
MIL191,No pre-req
MIL221,No pre-req
MIL222,No pre-req
MIL223,No pre-req
MIL321,No pre-req
MIL322,No pre-req
MIL323,No pre-req
MIL331,No pre-req
MIL405,No pre-req
MIL410,No pre-req
MIL421,No pre-req
MIL422,No pre-req
MKTG199,No pre-req
MKTG311H,No pre-req
MKTG401,No pre-req
MKTG406,No pre-req
MUE126,No pre-req
MUE199,No pre-req
MUE326,No pre-req
MUE386,No pre-req
MUE387,No pre-req
MUE388,No pre-req
MUE392,No pre-req
MUE401,No pre-req
MUE405,No pre-req
MUE406,No pre-req
MUE407,No pre-req
MUE408,No pre-req
MUE409,No pre-req
MUE410,No pre-req
MUE412,No pre-req
MUE428,No pre-req
MUE429,No pre-req
MUE430,No pre-req
MUE432,No pre-req
MUE438,No pre-req
MUE442,No pre-req
MUE447,No pre-req
MUE450,No pre-req
MUE455,No pre-req
MUE456,No pre-req
MUE459,No pre-req
MUE463,No pre-req
MUE464,No pre-req
MUE465,No pre-req
MUE471,No pre-req
MUE486,No pre-req
MUE487,No pre-req
MUE488,No pre-req
MUE491,No pre-req
MUJ180,No pre-req
MUJ199,No pre-req
MUJ270,No pre-req
MUJ350,No pre-req
MUJ351,No pre-req
MUJ390,No pre-req
MUJ391,No pre-req
MUJ392,No pre-req
MUJ395,No pre-req
MUJ399,No pre-req
MUJ405,No pre-req
MUJ408,No pre-req
MUP100,No pre-req
MUP101,No pre-req
MUP102,No pre-req
MUP103,No pre-req
MUP104,No pre-req
MUP110,No pre-req
MUP112,No pre-req
MUP114,No pre-req
MUP115,No pre-req
MUP120,No pre-req
MUP122,No pre-req
MUP127,No pre-req
MUP131,No pre-req
MUP140,No pre-req
MUP141,No pre-req
MUP142,No pre-req
MUP143,No pre-req
MUP145,No pre-req
MUP146,No pre-req
MUP147,No pre-req
MUP148,No pre-req
MUP149,No pre-req
MUP150,No pre-req
MUP151,No pre-req
MUP152,No pre-req
MUP153,No pre-req
MUP154,No pre-req
MUP155,No pre-req
MUP156,No pre-req
MUP157,No pre-req
MUP158,No pre-req
MUP159,No pre-req
MUP160,No pre-req
MUP161,No pre-req
MUP162,No pre-req
MUP165,No pre-req
MUP171,No pre-req
MUP172,No pre-req
MUP173,No pre-req
MUP174,No pre-req
MUP175,No pre-req
MUP176,No pre-req
MUP177,No pre-req
MUP178,No pre-req
MUP179,No pre-req
MUP180,No pre-req
MUP181,No pre-req
MUP182,No pre-req
MUP183,No pre-req
MUP184,No pre-req
MUP185,No pre-req
MUP186,No pre-req
MUP187,No pre-req
MUP188,No pre-req
MUP189,No pre-req
MUP190,No pre-req
MUP191,No pre-req
MUP199,No pre-req
MUP241,No pre-req
MUP265,No pre-req
MUP270,No pre-req
MUP271,No pre-req
MUP272,No pre-req
MUP273,No pre-req
MUP274,No pre-req
MUP275,No pre-req
MUP276,No pre-req
MUP277,No pre-req
MUP278,No pre-req
MUP279,No pre-req
MUP280,No pre-req
MUP281,No pre-req
MUP282,No pre-req
MUP283,No pre-req
MUP284,No pre-req
MUP285,No pre-req
MUP286,No pre-req
MUP287,No pre-req
MUP288,No pre-req
MUP289,No pre-req
MUP290,No pre-req
MUP291,No pre-req
MUP341,No pre-req
MUP342,No pre-req
MUP344,No pre-req
MUP345,No pre-req
MUP346,No pre-req
MUP347,No pre-req
MUP348,No pre-req
MUP349,No pre-req
MUP350,No pre-req
MUP351,No pre-req
MUP352,No pre-req
MUP353,No pre-req
MUP354,No pre-req
MUP355,No pre-req
MUP356,No pre-req
MUP357,No pre-req
MUP358,No pre-req
MUP359,No pre-req
MUP360,No pre-req
MUP361,No pre-req
MUP362,No pre-req
MUP365,No pre-req
MUP371,No pre-req
MUP373,No pre-req
MUP374,No pre-req
MUP375,No pre-req
MUP376,No pre-req
MUP377,No pre-req
MUP378,No pre-req
MUP379,No pre-req
MUP380,No pre-req
MUP381,No pre-req
MUP382,No pre-req
MUP383,No pre-req
MUP384,No pre-req
MUP385,No pre-req
MUP386,No pre-req
MUP387,No pre-req
MUP388,No pre-req
MUP389,No pre-req
MUP390,No pre-req
MUP391,No pre-req
MUP465,No pre-req
MUP471,No pre-req
MUP473,No pre-req
MUP474,No pre-req
MUP475,No pre-req
MUP476,No pre-req
MUP477,No pre-req
MUP478,No pre-req
MUP479,No pre-req
MUP480,No pre-req
MUP481,No pre-req
MUP482,No pre-req
MUP483,No pre-req
MUP484,No pre-req
MUP485,No pre-req
MUP486,No pre-req
MUP487,No pre-req
MUP488,No pre-req
MUP489,No pre-req
MUP490,No pre-req
MUP491,No pre-req
MUS125,No pre-req
MUS126,No pre-req
MUS129,No pre-req
MUS131,No pre-req
MUS137,No pre-req
MUS141,No pre-req
MUS151,No pre-req
MUS155,No pre-req
MUS168,No pre-req
MUS198,No pre-req
MUS199,No pre-req
MUS227,No pre-req
MUS250,No pre-req
MUS263,No pre-req
MUS264,No pre-req
MUS265,No pre-req
MUS270,No pre-req
MUS280,No pre-req
MUS281,No pre-req
MUS322,No pre-req
MUS345M,No pre-req
MUS346,No pre-req
MUS347,No pre-req
MUS349,No pre-req
MUS351,No pre-req
MUS353,No pre-req
MUS356,No pre-req
MUS358,No pre-req
MUS359,No pre-req
MUS360,No pre-req
MUS363,No pre-req
MUS365,No pre-req
MUS367,No pre-req
MUS380,No pre-req
MUS382,No pre-req
MUS390,No pre-req
MUS391,No pre-req
MUS394,No pre-req
MUS395,No pre-req
MUS396,No pre-req
MUS397,No pre-req
MUS398,No pre-req
MUS399,No pre-req
MUS401,No pre-req
MUS403,No pre-req
MUS405,No pre-req
MUS407,No pre-req
MUS408,No pre-req
MUS409,No pre-req
MUS410,No pre-req
MUS412,No pre-req
MUS413,No pre-req
MUS414,No pre-req
MUS415,No pre-req
MUS436,No pre-req
MUS438,No pre-req
MUS446,No pre-req
MUS447,No pre-req
MUS448,No pre-req
MUS451,No pre-req
MUS452,No pre-req
MUS453,No pre-req
MUS454,No pre-req
MUS457,No pre-req
MUS458,No pre-req
MUS459,No pre-req
MUS460,No pre-req
MUS462,No pre-req
MUS470,No pre-req
MUS471,No pre-req
MUS476,No pre-req
MUS479,No pre-req
MUS480,No pre-req
MUS483,No pre-req
MUS486,No pre-req
MUS487,No pre-req
MUS488,No pre-req
MUS490,No pre-req
MUS499,No pre-req
NORW101,No pre-req
OATH488,No pre-req
OBA330H,No pre-req
OBA340H,No pre-req
OBA410,No pre-req
OBIK488,No pre-req
OBRT388,No pre-req
ODUB388,No pre-req
OGEO188,No pre-req
OGSI188,No pre-req
OGWI488,No pre-req
OJIL388,No pre-req
OJIL488,No pre-req
OMBI488,No pre-req
ONEO488,No pre-req
ONGO488,No pre-req
OOVI188,No pre-req
OOVI288,No pre-req
OOVI388,No pre-req
OPRE188,No pre-req
OPRE288,No pre-req
OPRE488,No pre-req
OQUE288,No pre-req
OQUE388,No pre-req
ORIM388,No pre-req
OROM488,No pre-req
OSBG188,No pre-req
OSBG288,No pre-req
OSBG488,No pre-req
OSEG388,No pre-req
OSIE388,No pre-req
OSIE488,No pre-req
OUDB488,No pre-req
OVIC488,No pre-req
OXAF388,No pre-req
OXAO388,No pre-req
OXEU188,No pre-req
OXEU388,No pre-req
OXEU488,No pre-req
OXFA188,No pre-req
OXFA288,No pre-req
OXFA388,No pre-req
OXFA488,No pre-req
PD101,No pre-req
PD199,No pre-req
PD223,No pre-req
PD240,No pre-req
PD302,No pre-req
PD330,No pre-req
PD360,No pre-req
PD370,No pre-req
PD399,No pre-req
PD400M,No pre-req
PD404,No pre-req
PD405,No pre-req
PD406,No pre-req
PD410,No pre-req
PD486,No pre-req
PEAE131,No pre-req
PEAE132,No pre-req
PEAE199,No pre-req
PEAE221,No pre-req
PEAE231,No pre-req
PEAE241,No pre-req
PEAE251,No pre-req
PEAE261,No pre-req
PEAE311,No pre-req
PEAE321,No pre-req
PEAE399,No pre-req
PEAQ111,No pre-req
PEAQ121,No pre-req
PEAQ122,No pre-req
PEAQ140,No pre-req
PEAQ199,No pre-req
PEAQ201,No pre-req
PEAQ202,No pre-req
PEAQ203,No pre-req
PEAQ301,No pre-req
PEAQ303,No pre-req
PEAQ320,No pre-req
PEAQ351,No pre-req
PEAQ399,No pre-req
PEAS368,No pre-req
PEAS369,No pre-req
PEAS370,No pre-req
PEAS372,No pre-req
PEAS375,No pre-req
PEAS376,No pre-req
PEAS378,No pre-req
PEAS381,No pre-req
PEAS382,No pre-req
PEAS399,No pre-req
PEF111,No pre-req
PEF131,No pre-req
PEF132,No pre-req
PEF145,No pre-req
PEF199,No pre-req
PEF201,No pre-req
PEF205,No pre-req
PEF207,No pre-req
PEF208,No pre-req
PEF220,No pre-req
PEF221,No pre-req
PEF222,No pre-req
PEF241,No pre-req
PEF243,No pre-req
PEF251,No pre-req
PEF261,No pre-req
PEF291,No pre-req
PEF301,No pre-req
PEF310,No pre-req
PEF311,No pre-req
PEF321,No pre-req
PEF325,No pre-req
PEF326,No pre-req
PEF335,No pre-req
PEF340,No pre-req
PEF342,No pre-req
PEF344,No pre-req
PEF345,No pre-req
PEF347,No pre-req
PEF399,No pre-req
PEI199,No pre-req
PEI201,No pre-req
PEI202,No pre-req
PEI221,No pre-req
PEI222,No pre-req
PEI223,No pre-req
PEI241,No pre-req
PEI242,No pre-req
PEI243,No pre-req
PEI244,No pre-req
PEI305,No pre-req
PEIA301,No pre-req
PEIA305,No pre-req
PEIA311,No pre-req
PEIA312,No pre-req
PEIA317,No pre-req
PEIA318,No pre-req
PEIA323,No pre-req
PEIA324,No pre-req
PEIA329,No pre-req
PEIA330,No pre-req
PEIA341,No pre-req
PEIA342,No pre-req
PEIA346,No pre-req
PEIA347,No pre-req
PEIA350,No pre-req
PEIA353,No pre-req
PEIA354,No pre-req
PEIA360,No pre-req
PEIA371,No pre-req
PEIA372,No pre-req
PEIA373,No pre-req
PEIA399,No pre-req
PEL310,No pre-req
PEL311,No pre-req
PEL399,No pre-req
PEL406,No pre-req
PEL409,No pre-req
PEMA115,No pre-req
PEMA116,No pre-req
PEMA121,No pre-req
PEMA131,No pre-req
PEMA199,No pre-req
PEMA221,No pre-req
PEMA222,No pre-req
PEMA223,No pre-req
PEMA241,No pre-req
PEMA251,No pre-req
PEMA252,No pre-req
PEMA255,No pre-req
PEMA311,No pre-req
PEMA312,No pre-req
PEMA321,No pre-req
PEMA322,No pre-req
PEMA331,No pre-req
PEMA332,No pre-req
PEMA399,No pre-req
PEMB101,No pre-req
PEMB103,No pre-req
PEMB108,No pre-req
PEMB110,No pre-req
PEMB131,No pre-req
PEMB132,No pre-req
PEMB199,No pre-req
PEMB201,No pre-req
PEMB210,No pre-req
PEMB211,No pre-req
PEMB212,No pre-req
PEMB213,No pre-req
PEMB216,No pre-req
PEMB221,No pre-req
PEMB231,No pre-req
PEMB232,No pre-req
PEMB234,No pre-req
PEMB302,No pre-req
PEMB305,No pre-req
PEMB310,No pre-req
PEMB320,No pre-req
PEO199,No pre-req
PEO242,No pre-req
PEO251,No pre-req
PEO252,No pre-req
PEO285,No pre-req
PEO315,No pre-req
PEO353,No pre-req
PEO399,No pre-req
PEO412,No pre-req
PEO451,No pre-req
PEO453,No pre-req
PEOL199,No pre-req
PEOL242,No pre-req
PEOL251,No pre-req
PEOL252,No pre-req
PEOL285,No pre-req
PEOL315,No pre-req
PEOL331,No pre-req
PEOL399,No pre-req
PEOL451,No pre-req
PEOL453,No pre-req
PERS199,No pre-req
PERS211,No pre-req
PERS212,No pre-req
PERS231,No pre-req
PERS232,No pre-req
PERS241,No pre-req
PERS271,No pre-req
PERS272,No pre-req
PERS273,No pre-req
PERU101,No pre-req
PERU131,No pre-req
PERU199,No pre-req
PERU331,No pre-req
PERU332,No pre-req
PERU341,No pre-req
PETS101,No pre-req
PETS111,No pre-req
PETS232,No pre-req
PETS233,No pre-req
PETS242,No pre-req
PETS243,No pre-req
PETS252,No pre-req
PETS253,No pre-req
PETS261,No pre-req
PETS262,No pre-req
PETS263,No pre-req
PETS265,No pre-req
PETS399,No pre-req
PEW199,No pre-req
PEW211,No pre-req
PEW212,No pre-req
PEW220,No pre-req
PEW221,No pre-req
PEW222,No pre-req
PEW331,No pre-req
PEW332,No pre-req
PEW333,No pre-req
PEW399,No pre-req
PHIL101,No pre-req
PHIL102,No pre-req
PHIL103,No pre-req
PHIL104,No pre-req
PHIL110,No pre-req
PHIL120,No pre-req
PHIL123,No pre-req
PHIL130,No pre-req
PHIL135,No pre-req
PHIL170,No pre-req
PHIL199,No pre-req
PHIL211,No pre-req
PHIL213,No pre-req
PHIL216,No pre-req
PHIL220,No pre-req
PHIL223,No pre-req
PHIL225,No pre-req
PHIL299,No pre-req
PHIL307,No pre-req
PHIL308,No pre-req
PHIL309,No pre-req
PHIL315,No pre-req
PHIL330,No pre-req
PHIL332,No pre-req
PHIL335,No pre-req
PHIL340,No pre-req
PHIL341,No pre-req
PHIL342,No pre-req
PHIL344,No pre-req
PHIL345,No pre-req
PHIL372,No pre-req
PHIL399,No pre-req
PHIL401,No pre-req
PHIL403,No pre-req
PHIL405,No pre-req
PHIL410,No pre-req
PHIL415,No pre-req
PHIL420,No pre-req
PHIL423,No pre-req
PHIL425,No pre-req
PHIL451,No pre-req
PHIL463,No pre-req
PHIL471H,No pre-req
PHIL475H,No pre-req
PHYS101,No pre-req
PHYS102,No pre-req
PHYS152,No pre-req
PHYS153,No pre-req
PHYS155,No pre-req
PHYS156M,No pre-req
PHYS157M,No pre-req
PHYS161,No pre-req
PHYS162,No pre-req
PHYS163,No pre-req
PHYS171,No pre-req
PHYS181,No pre-req
PHYS199,No pre-req
PHYS204,No pre-req
PHYS205,No pre-req
PHYS206,No pre-req
PHYS290,No pre-req
PHYS299,No pre-req
PHYS361,No pre-req
PHYS399,No pre-req
PHYS400M,No pre-req
PHYS401,No pre-req
PHYS403,No pre-req
PHYS405,No pre-req
PHYS407,No pre-req
PHYS408,No pre-req
PHYS410,No pre-req
PHYS414,No pre-req
PHYS481,No pre-req
PORT101,No pre-req
PORT111,No pre-req
PORT150,No pre-req
PORT199,No pre-req
PORT298,No pre-req
PORT405,No pre-req
PPPM101,No pre-req
PPPM199,No pre-req
PPPM201,No pre-req
PPPM202,No pre-req
PPPM205,No pre-req
PPPM250,No pre-req
PPPM280,No pre-req
PPPM321,No pre-req
PPPM322,No pre-req
PPPM325,No pre-req
PPPM327,No pre-req
PPPM331,No pre-req
PPPM340,No pre-req
PPPM360,No pre-req
PPPM370,No pre-req
PPPM399,No pre-req
PPPM401,No pre-req
PPPM403,No pre-req
PPPM405,No pre-req
PPPM406,No pre-req
PPPM407,No pre-req
PPPM408,No pre-req
PPPM410,No pre-req
PPPM410L,No pre-req
PPPM412,No pre-req
PPPM413,No pre-req
PPPM418,No pre-req
PPPM419,No pre-req
PPPM422,No pre-req
PPPM425,No pre-req
PPPM426,No pre-req
PPPM432,No pre-req
PPPM434,No pre-req
PPPM438,No pre-req
PPPM440,No pre-req
PPPM442,No pre-req
PPPM443,No pre-req
PPPM444,No pre-req
PPPM445,No pre-req
PPPM446,No pre-req
PPPM448,No pre-req
PPPM455,No pre-req
PPPM460,No pre-req
PPPM465,No pre-req
PPPM470,No pre-req
PPPM471,No pre-req
PPPM472,No pre-req
PPPM473,No pre-req
PPPM475,No pre-req
PPPM481,No pre-req
PPPM483,No pre-req
PPPM484,No pre-req
PPPM486,No pre-req
PPPM487,No pre-req
PPPM488,No pre-req
PPPM494,No pre-req
PS100,No pre-req
PS101,No pre-req
PS102,No pre-req
PS104,No pre-req
PS106,No pre-req
PS109,No pre-req
PS111,No pre-req
PS199,No pre-req
PS201,No pre-req
PS203,No pre-req
PS204,No pre-req
PS205,No pre-req
PS206,No pre-req
PS208,No pre-req
PS210,No pre-req
PS225,No pre-req
PS230,No pre-req
PS260,No pre-req
PS275,No pre-req
PS297,No pre-req
PS301,No pre-req
PS302,No pre-req
PS304,No pre-req
PS308,No pre-req
PS309,No pre-req
PS310,No pre-req
PS311,No pre-req
PS312,No pre-req
PS316,No pre-req
PS319,No pre-req
PS320,No pre-req
PS321,No pre-req
PS324,No pre-req
PS326,No pre-req
PS330,No pre-req
PS337,No pre-req
PS340,No pre-req
PS342,No pre-req
PS345,No pre-req
PS346,No pre-req
PS347,No pre-req
PS348,No pre-req
PS349,No pre-req
PS350,No pre-req
PS351,No pre-req
PS352,No pre-req
PS355,No pre-req
PS367,No pre-req
PS368,No pre-req
PS369,No pre-req
PS371,No pre-req
PS372,No pre-req
PS374,No pre-req
PS375,No pre-req
PS377,No pre-req
PS378,No pre-req
PS380,No pre-req
PS384,No pre-req
PS386,No pre-req
PS387,No pre-req
PS388,No pre-req
PS390,No pre-req
PS391,No pre-req
PS399,No pre-req
PS400M,No pre-req
PS401,No pre-req
PS403,No pre-req
PS404,No pre-req
PS405,No pre-req
PS407,No pre-req
PS408,No pre-req
PS409,No pre-req
PS410,No pre-req
PS411,No pre-req
PS420,No pre-req
PS430,No pre-req
PS431,No pre-req
PS432,No pre-req
PS433,No pre-req
PS440,No pre-req
PS445,No pre-req
PS449,No pre-req
PS455,No pre-req
PS458,No pre-req
PS460,No pre-req
PS463,No pre-req
PS465,No pre-req
PS466,No pre-req
PS467,No pre-req
PS468,No pre-req
PS470,No pre-req
PS471,No pre-req
PS472,No pre-req
PS475,No pre-req
PS477,No pre-req
PS479,No pre-req
PS480,No pre-req
PS484,No pre-req
PS485,No pre-req
PS491,No pre-req
PS495,No pre-req
PSY199,No pre-req
PSY201,No pre-req
PSY202,No pre-req
PSY301,No pre-req
PSY330,No pre-req
PSY348,No pre-req
PSY366,No pre-req
PSY376,No pre-req
PSY380,No pre-req
PSY383,No pre-req
PSY388,No pre-req
PSY399,No pre-req
PSY401,No pre-req
PSY403,No pre-req
PSY405,No pre-req
PSY406,No pre-req
PSY407,No pre-req
PSY408,No pre-req
PSY409,No pre-req
PSY410,No pre-req
PSY490,No pre-req
PSY491,No pre-req
PSY492,No pre-req
REES315,No pre-req
REES399,No pre-req
REES405,No pre-req
REES408,No pre-req
REES409,No pre-req
REES410,No pre-req
REL101,No pre-req
REL102,No pre-req
REL199,No pre-req
REL200M,No pre-req
REL211,No pre-req
REL222,No pre-req
REL223,No pre-req
REL233,No pre-req
REL253,No pre-req
REL302,No pre-req
REL303,No pre-req
REL304,No pre-req
REL305,No pre-req
REL317,No pre-req
REL318,No pre-req
REL321,No pre-req
REL322,No pre-req
REL323,No pre-req
REL324,No pre-req
REL325,No pre-req
REL335,No pre-req
REL353,No pre-req
REL355,No pre-req
REL357,No pre-req
REL359,No pre-req
REL399,No pre-req
REL401,No pre-req
REL403,No pre-req
REL405,No pre-req
REL407,No pre-req
REL410,No pre-req
REL411,No pre-req
REL412,No pre-req
REL414,No pre-req
REL417,No pre-req
REL418,No pre-req
REL420,No pre-req
REL424,No pre-req
REL426,No pre-req
REL432,No pre-req
REL435,No pre-req
REL440,No pre-req
REL444,No pre-req
RL151,No pre-req
RL199,No pre-req
RL399,No pre-req
RL407,No pre-req
RL410,No pre-req
RUSS101,No pre-req
RUSS121,No pre-req
RUSS199,No pre-req
RUSS203,No pre-req
RUSS204,No pre-req
RUSS205,No pre-req
RUSS206,No pre-req
RUSS221,No pre-req
RUSS240,No pre-req
RUSS309,No pre-req
RUSS331,No pre-req
RUSS334,No pre-req
RUSS335,No pre-req
RUSS340,No pre-req
RUSS351,No pre-req
RUSS360,No pre-req
RUSS399,No pre-req
RUSS401,No pre-req
RUSS404,No pre-req
RUSS405,No pre-req
RUSS407,No pre-req
RUSS410,No pre-req
RUSS426,No pre-req
RUSS434,No pre-req
RUSS440,No pre-req
RUSS445,No pre-req
SAPP407,No pre-req
SAPP408,No pre-req
SAPP409,No pre-req
SBUS199,No pre-req
SBUS255,No pre-req
SBUS401,No pre-req
SBUS410,No pre-req
SCAN199,No pre-req
SCAN220M,No pre-req
SCAN251,No pre-req
SCAN259,No pre-req
SCAN280M,No pre-req
SCAN315,No pre-req
SCAN316,No pre-req
SCAN317,No pre-req
SCAN325,No pre-req
SCAN340,No pre-req
SCAN341,No pre-req
SCAN343,No pre-req
SCAN344,No pre-req
SCAN345M,No pre-req
SCAN351,No pre-req
SCAN352,No pre-req
SCAN353,No pre-req
SCAN354,No pre-req
SCAN405,No pre-req
SCAN407,No pre-req
SOC199,No pre-req
SOC204,No pre-req
SOC207,No pre-req
SOC301,No pre-req
SOC303,No pre-req
SOC304,No pre-req
SOC310,No pre-req
SOC312,No pre-req
SOC313,No pre-req
SOC317,No pre-req
SOC328,No pre-req
SOC345,No pre-req
SOC346,No pre-req
SOC347,No pre-req
SOC355,No pre-req
SOC370,No pre-req
SOC380,No pre-req
SOC385,No pre-req
SOC399,No pre-req
SOC400M,No pre-req
SOC401,No pre-req
SOC403,No pre-req
SOC404,No pre-req
SOC405,No pre-req
SOC406,No pre-req
SOC408,No pre-req
SOC410,No pre-req
SOC412,No pre-req
SOC416,No pre-req
SOC420,No pre-req
SOC442,No pre-req
SOC446,No pre-req
SOC447,No pre-req
SOC450,No pre-req
SOC455,No pre-req
SOC456,No pre-req
SOC458,No pre-req
SOC459,No pre-req
SOC461,No pre-req
SOC464,No pre-req
SOC465,No pre-req
SOC475,No pre-req
SOC480,No pre-req
SOC484,No pre-req
SOC491,No pre-req
SPAN101,No pre-req
SPAN111,No pre-req
SPAN150,No pre-req
SPAN151,No pre-req
SPAN199,No pre-req
SPAN200M,No pre-req
SPAN218,No pre-req
SPAN298,No pre-req
SPAN299,No pre-req
SPAN399,No pre-req
SPAN403,No pre-req
SPAN405,No pre-req
SPAN406,No pre-req
SPAN409,No pre-req
SPAN410,No pre-req
SPD410L,No pre-req
SPD415,No pre-req
SPD425,No pre-req
SPED199,No pre-req
SPED401,No pre-req
SPED406,No pre-req
SPED407,No pre-req
SPED408,No pre-req
SPED409,No pre-req
SPED410,No pre-req
SPED411,No pre-req
SPED412,No pre-req
SPED415,No pre-req
SPED418,No pre-req
SPED420,No pre-req
SPED421,No pre-req
SPED422,No pre-req
SPED426,No pre-req
SPED428,No pre-req
SPED431,No pre-req
SPED434,No pre-req
SPED440,No pre-req
SPED470,No pre-req
SPED471,No pre-req
SPED488,No pre-req
SPSY401,No pre-req
SPSY410,No pre-req
SWAH101,No pre-req
SWAH199,No pre-req
SWAH201,No pre-req
SWAH405,No pre-req
SWED101,No pre-req
SWED405,No pre-req
TA121,No pre-req
TA122,No pre-req
TA124,No pre-req
TA199,No pre-req
TA210,No pre-req
TA211,No pre-req
TA212,No pre-req
TA250,No pre-req
TA271,No pre-req
TA324,No pre-req
TA325,No pre-req
TA364,No pre-req
TA367,No pre-req
TA368,No pre-req
TA369,No pre-req
TA399,No pre-req
TA401,No pre-req
TA404,No pre-req
TA405,No pre-req
TA406,No pre-req
TA409,No pre-req
TA410,No pre-req
TA411,No pre-req
TA412,No pre-req
TA413,No pre-req
TA445,No pre-req
TA465,No pre-req
TA467,No pre-req
TA470,No pre-req
TA471,No pre-req
TA472,No pre-req
TA474,No pre-req
TLC101,No pre-req
TLC199,No pre-req
TLC399,No pre-req
TLC408,No pre-req
UGST101,No pre-req
UGST109,No pre-req
UGST111,No pre-req
UGST112,No pre-req
UGST113,No pre-req
UGST198,No pre-req
UGST199,No pre-req
UGST399,No pre-req
UGST400M,No pre-req
UGST404,No pre-req
UGST406,No pre-req
UGST407,No pre-req
UGST408,No pre-req
UGST409,No pre-req
WGS101,No pre-req
WGS199,No pre-req
WGS201,No pre-req
WGS221,No pre-req
WGS250,No pre-req
WGS251,No pre-req
WGS261,No pre-req
WGS303,No pre-req
WGS322,No pre-req
WGS341,No pre-req
WGS352,No pre-req
WGS361,No pre-req
WGS399,No pre-req
WGS401,No pre-req
WGS403,No pre-req
WGS405,No pre-req
WGS406,No pre-req
WGS407,No pre-req
WGS409,No pre-req
WGS410,No pre-req
WGS411,No pre-req
WGS413,No pre-req
WGS415,No pre-req
WGS431,No pre-req
WGS450,No pre-req
WGS451,No pre-req
WR121(Z),No pre-req
WR195,No pre-req
WR199,No pre-req
WR312,No pre-req
WR408,No pre-req
WR410,No pre-req
